0,300,0,6.1,0,0,0,6.1,13,3.56,115.47,1810.53,8.62,527.55,114.5,311
0,300,1,5.29,14,0,0,5.29,7,2.99,216.47,3841.86,11.22,322.18,215.76,0
0,300,0,9.28,43,88,88,3.09,28,1.65,79.23,2988.14,13.61,1302.46,78.32,518
0,300,0,9.7,0,9,9,3.23,25,1.7,35.6,995.33,9.76,593.39,34.95,212
0,300,0,15.47,0,6,6,5.16,25,2.87,41.25,1030.82,5.52,795.65,40.13,367
0,300,0,13.9,0,2,2,4.63,15,2.42,50.89,1108.67,5.33,864.55,49.89,489
0,300,0,3.73,0,1,1,1.24,9,0.65,30.37,450.62,13.43,199.88,30.07,47
0,300,0,1.29,0,0,0,0.43,0,0.22,25.23,202.41,20.97,25.34,24.99,0
0,300,0,0,0,0,0,0,,,,,,,,
0,300,0,17.1,35,19,19,5.7,31,3.24,37.2,1180.55,6.34,875.43,36.19,326
0,300,1,4.24,21,73,73,1.41,5,0.76,254.82,7327.28,22.62,586.64,254.53,8
0,300,0,1,0,5,5,0.33,0,0.15,40.22,198.49,16.53,66.38,39.94,10
0,300,0,2.36,0,3,3,1.18,7,0.7,34.49,241.34,10.06,41.36,33.31,0
0,300,0,0,0,0,0,0,,,,,,,,
0,300,0,0,0,0,0,0,,,,,,,,
0,300,0,0,0,0,0,0,,,,,,,,
0,300,0,0,0,0,0,0,,,,,,,,
0,300,0,0,0,0,0,0,,,,,,,,
0,300,0,0,0,0,0,0,,,,,,,,
0,300,0,0,0,0,0,0,,,,,,,,
0,300,0,0,0,0,0,0,,,,,,,,
0,300,0,0,0,0,0,0,,,,,,,,
0,300,0,0,0,0,0,0,,,,,,,,
0,300,0,1.66,0,2,2,0.83,0,0.53,42.89,237.09,11.24,21.12,42.31,0
0,300,0,0,0,0,0,0,,,,,,,,
0,300,0,0,0,0,0,0,,,,,,,,
0,300,0,0,0,0,0,0,,,,,,,,
0,300,0,0,0,0,0,0,,,,,,,,
0,300,0,0,0,0,0,0,,,,,,,,
0,300,0,0,0,0,0,0,,,,,,,,
0,300,0,0,0,0,0,0,,,,,,,,
0,300,0,0,0,0,0,0,,,,,,,,
0,300,0,0.27,19,4,4,0.09,0,0.05,2069.87,2894,17.21,148.92,2069.57,0
0,300,0,3.58,18,3,3,1.19,13,0.66,95.57,1438.73,14.07,329.91,94.52,111
0,300,0,0,0,0,0,0,,,,,,,,
0,300,1,6.3,33,22,22,2.1,14,1.17,205.55,6648.14,17.15,428.62,205.21,1
0,300,0,1.18,38,22,22,0.39,0,0.21,851.14,6900.31,22.97,475.54,850.91,0
0,300,0,0,0,0,0,0,,,,,,,,
0,300,0,0,0,0,0,0,,,,,,,,
0,300,0,0,0,0,0,0,,,,,,,,
0,300,0,0,0,0,0,0,,,,,,,,
0,300,0,0,0,0,0,0,,,,,,,,
0,300,0,24.41,17,0,0,24.41,17,10.34,5.56,55.86,2.47,38.91,4.74,2
300,600,0,5.08,1,0,0,5.08,15,2.6,105.32,1509.6,9.45,333.88,104.52,204
300,600,0,7.66,12,0,0,7.66,26,4.18,215.1,5563.15,11.29,447.29,214.1,0
300,600,0,10.5,40,107,107,3.5,40,1.8,84.46,3381.39,12.76,1586.98,83.46,699
300,600,0,13.53,0,14,14,4.51,42,2.2,34.69,1388.88,10.01,820.98,33.92,253
300,600,0,14.92,0,6,6,4.97,42,2.41,23.67,994.45,9.6,603.86,23.06,218
300,600,0,20.73,0,3,3,6.91,52,3.55,36.56,1652.87,7.41,1151.13,35.62,436
300,600,0,18.5,0,4,4,6.17,46,3.14,47.97,2234.69,8.5,1454.82,47.15,892
300,600,0,16.75,0,24,24,5.58,47,2.81,62.98,2632.7,8.4,1723.25,61.97,1063
300,600,0,26.7,0,6,6,8.9,38,4.43,43.24,1910.9,5.64,1468.4,42.24,742
300,600,4,31.26,31,19,19,10.42,66,5.35,31.29,2157.86,7.52,1493.46,30.49,366
300,600,8,10.05,23,229,229,3.35,43,1.76,259.7,17366.42,22.2,1574.57,259.13,198
300,600,0,14.64,0,28,28,4.88,44,2.55,74.06,2899.3,8.99,1827.06,72.93,1074
300,600,0,11.74,0,11,11,5.87,23,3.2,49.17,1200.01,7.04,497.8,47.89,274
300,600,0,10.09,0,3,3,3.36,34,1.66,18.55,731.97,13.32,333.14,18.25,43
300,600,0,15.26,0,4,4,5.09,31,2.62,33.58,1048.91,6.98,750.03,32.87,559
300,600,0,12.68,0,11,11,4.23,27,2.17,45.39,1338.34,7.87,909.12,44.38,585
300,600,0,4.81,0,12,12,1.6,19,0.85,50.52,1062.8,14.68,427.95,49.45,59
300,600,0,8.41,0,2,2,2.8,5,1.45,41.16,742.12,7.28,520.64,40.24,234
300,600,0,3.65,0,0,0,1.22,5,0.54,66.16,330.78,4.64,248.46,64.87,174
300,600,0,1.42,0,1,1,0.47,5,0.2,14.64,73.21,12.01,26,14.38,0
300,600,0,0.2,0,0,0,0.07,0,0.03,10.78,11.21,17.7,0.64,10.52,0
300,600,0,0,0,0,0,0,,,,,,,,
300,600,0,0,0,0,0,0,,,,,,,,
300,600,0,7.42,0,7,7,3.71,24,1.88,53.21,1058.49,9.04,266.32,51.99,81
300,600,0,0,0,0,0,0,,,,,,,,
300,600,0,0,0,0,0,0,,,,,,,,
300,600,0,0,0,0,0,0,,,,,,,,
300,600,0,0,0,0,0,0,,,,,,,,
300,600,0,0,0,0,0,0,,,,,,,,
300,600,0,0,0,0,0,0,,,,,,,,
300,600,0,0,0,0,0,0,,,,,,,,
300,600,0,0,0,0,0,0,,,,,,,,
300,600,0,0.74,16,12,12,0.25,0,0.14,2014.38,7896,17.69,206.98,2014.07,0
300,600,0,4.01,16,8,8,1.34,17,0.7,97.67,1610.72,13.76,367.39,96.71,136
300,600,0,7.79,0,10,10,3.89,20,2.11,63.42,1442.62,9.82,275.29,62.44,0
300,600,9,9.92,43,49,49,3.31,41,1.74,204.87,10466.97,17.2,646.84,204.55,1
300,600,0,4.79,42,192,192,1.6,0,0.87,830.86,28109.68,23.53,1119.26,830.63,0
300,600,0,10.46,0,0,0,10.46,14,5.78,56.92,1092.49,6.21,530.85,55.84,252
300,600,0,3.07,0,4,4,1.54,8,0.89,76.54,673.55,9.63,321.49,75.22,171
300,600,0,2.03,0,0,0,1.01,6,0.57,18.78,147.53,13.24,41.75,18.42,0
300,600,0,3.29,0,2,2,1.64,6,1.03,65.85,395.04,6.18,263.61,64.51,188
300,600,0,1.73,0,0,0,0.87,2,0.49,16.26,84.41,10.35,36.75,15.66,0
300,600,0,18.67,14,0,0,18.67,14,7.08,5,42.73,2.52,28.9,4.34,0
600,900,0,5.25,0,0,0,5.25,15,2.61,111.38,1557.8,8.93,420.07,110.49,253
600,900,1,7.78,13,0,0,7.78,26,4.16,214.39,5655.41,11.32,440.63,213.43,0
600,900,2,15.34,38,110,110,5.11,50,2.72,83.48,4939.25,12.92,2287.63,82.57,1033
600,900,0,18.11,0,17,17,6.04,43,3.08,37.4,1858.91,9.29,1152,36.77,439
600,900,0,25.69,0,8,8,8.56,43,4.52,39.84,1712.07,5.71,1312.83,39.15,847
600,900,0,19.54,0,7,7,6.51,35,3.24,36.54,1558.4,7.41,1086.78,36.02,671
600,900,0,15.99,0,10,10,5.33,40,2.89,47.84,1930.99,8.53,1262.71,47.25,841
600,900,0,16.23,0,22,22,5.41,27,3,58.12,2551.46,9.11,1607.98,57.35,1003
600,900,0,29.21,0,6,6,9.74,32,5.17,70.45,2090.85,3.46,1796.11,69.56,1279
600,900,4,22.24,28,24,24,7.41,55,4.07,25.26,1535.22,9.33,952.61,24.77,268
600,900,10,13.38,18,336,336,4.46,83,2.19,261.7,23122.25,22.03,2305.21,261.04,377
600,900,0,25.08,0,20,20,8.36,63,4.15,58.53,4966.82,11.37,2663.49,57.81,1121
600,900,0,14.93,0,12,12,7.47,23,3.95,61.67,1526.68,5.61,815.7,60.41,545
600,900,0,21.74,0,1,1,7.25,66,3.63,23.45,1577.15,10.53,896.73,23.12,411
600,900,0,37.06,0,5,5,12.35,58,6.73,37.57,2547.88,6.25,1895.78,36.8,1398
600,900,0,21.63,0,7,7,7.21,48,3.52,38.87,2282.18,9.18,1423.2,38.29,888
600,900,0,14.98,0,30,30,4.99,45,2.53,61.6,3308.22,12.03,1669.83,60.79,918
600,900,0,34.57,0,10,10,11.52,46,5.97,67.8,3052.42,4.42,2479.67,66.75,1672
600,900,0,15.84,0,2,2,5.28,41,2.74,31.32,1435.91,9.82,665.43,30.72,224
600,900,0,9.64,0,0,0,3.21,41,1.64,12.1,495.83,14.61,99.68,11.78,0
600,900,0,23.79,0,4,4,7.93,42,4.39,29.77,1329.31,6.45,861.33,29.04,653
600,900,0,34.9,0,6,6,11.63,31,6.01,54.75,2255.98,4.03,1763.17,53.72,1223
600,900,0,7.48,0,3,3,2.49,24,1.27,38.92,1200.83,13.88,520.33,38.57,226
600,900,0,13.64,0,7,7,6.82,21,3.74,71.38,1947.23,6.74,874.3,70.19,542
600,900,0,3.67,0,2,2,1.22,24,0.62,12.25,294,22.21,28.45,12.03,0
600,900,0,4.72,0,5,5,1.57,11,0.84,23.02,536.36,16.68,172.69,22.74,57
600,900,0,3.18,0,3,3,1.06,9,0.47,46.97,515.75,11.59,276.46,46.05,138
600,900,0,2,0,0,0,0.67,9,0.29,31.74,285.65,15.12,108.22,31.07,0
600,900,0,1.75,0,2,2,0.58,9,0.26,21.45,193.02,17.34,59.63,21.24,0
600,900,0,0.91,0,0,0,0.3,0,0.14,25.96,161.99,22.96,13.97,25.76,0
600,900,0,0,0,0,0,0,,,,,,,,
600,900,0,0,0,0,0,0,,,,,,,,
600,900,0,1.21,16,39,39,0.4,0,0.23,1996.84,12887,17.84,283.11,1996.52,0
600,900,0,4.04,16,6,6,1.35,16,0.64,97.17,1623.01,13.83,392.28,96.15,162
600,900,0,6.94,0,10,10,3.47,20,1.9,61.65,1285.63,10.11,214.68,60.66,0
600,900,7,10.08,37,42,42,3.36,49,1.72,206.37,10640.07,17.08,628.58,206.06,4
600,900,14,8.86,31,445,445,2.95,0,1.6,823.61,51935.95,23.73,1598.73,823.39,2
600,900,0,7.32,0,0,0,7.32,23,3.78,42.56,764.59,8.3,235.32,41.53,89
600,900,0,9.27,0,13,13,4.64,23,2.5,72.69,2034.12,10.14,912.32,71.7,459
600,900,0,6.55,0,0,0,3.28,25,1.89,20.66,477.22,12.04,165.18,20.21,44
600,900,0,12.26,0,4,4,6.13,18,3.15,59.56,1473.11,6.81,927.36,58.58,652
600,900,0,18.42,0,0,0,9.21,22,4.67,47.67,896.9,3.51,712.85,46.87,457
600,900,0,17.58,13,0,0,17.58,13,6.83,5.15,40.24,2.49,27.76,4.44,0
900,1200,0,4.82,0,0,0,4.82,12,2.58,98.81,1430.45,10.07,228.93,98.01,77
900,1200,1,8.04,12,0,0,8.04,26,3.87,218.34,5841.18,11.12,553.54,217.46,0
900,1200,3,18.34,42,120,120,6.11,71,3.48,92.14,5902.57,11.71,3027.32,91.08,1426
900,1200,0,27.71,0,15,15,9.24,54,5.01,41.65,2844.42,8.35,1869.19,40.97,746
900,1200,0,40.4,0,10,10,13.47,52,7.22,49.92,2692.21,4.56,2188.24,48.98,1225
900,1200,0,37.67,0,8,8,12.56,60,6.58,57.34,3003.95,4.73,2420.57,56.41,1367
900,1200,0,21.35,0,5,5,7.12,59,3.72,43.19,2578.73,9.45,1576.25,42.58,860
900,1200,0,19.08,0,20,20,6.36,55,3.25,57.09,2999.29,9.27,1853.16,56.14,1101
900,1200,0,20.98,0,2,2,6.99,48,3.47,27.86,1501.36,8.75,961.38,27.08,293
900,1200,5,69.89,36,30,30,23.3,83,12.45,58,4823.88,4.06,4017.2,57.18,2199
900,1200,8,13.04,20,331,331,4.35,65,2.28,274.44,22522.11,21,3152.62,273.67,704
900,1200,0,19.84,0,24,24,6.61,81,3.37,65.98,3929.71,10.08,2307.23,65.01,856
900,1200,0,13.29,0,13,13,6.64,29,3.35,51.99,1358.7,6.65,611.84,50.7,306
900,1200,0,25.53,0,9,9,8.51,85,4.06,22.82,1851.88,10.81,1033.87,22.4,429
900,1200,0,46.44,0,11,11,15.48,87,7.68,37.92,3192.65,6.18,2387.88,37.23,1681
900,1200,0,32.63,0,15,15,10.88,91,5.24,40.52,3443.76,8.8,2206.01,39.88,1307
900,1200,0,16.24,0,31,31,5.41,83,2.67,43.57,3586.29,17.01,1097.03,43.15,536
900,1200,0,44.85,0,12,12,14.95,96,7.29,47.19,3959.73,6.34,2892.29,46.27,1876
900,1200,0,51.32,0,7,7,17.11,101,8.37,48.41,4652.89,6.35,3046.43,47.67,1356
900,1200,0,57.85,0,0,0,19.28,67,9.34,32.04,2974.22,5.5,2083.48,31.29,726
900,1200,0,22.34,0,0,0,7.45,67,3.78,18.64,1248.4,10.28,549.73,18.22,261
900,1200,0,19.54,0,2,2,6.51,78,3.21,18.63,1262.9,11.84,461.96,18.24,312
900,1200,0,27.43,0,25,25,9.14,59,4.75,57.58,4402.8,9.38,2711.32,56.88,1819
900,1200,0,10.82,0,4,4,5.41,27,2.88,60.37,1543.78,7.97,536.13,59.25,339
900,1200,0,23.94,0,5,5,7.98,35,4.02,34.22,1916.67,7.95,1291.25,33.71,802
900,1200,0,16.79,0,7,7,5.6,41,2.99,53.79,1907.14,7.14,1347.6,52.9,1000
900,1200,0,12,0,23,23,4,43,2.09,47.39,1943.95,11.5,1023.77,46.75,609
900,1200,0,18.15,0,24,24,6.05,40,3.15,60.34,2588.12,7.97,1717.8,59.24,986
900,1200,0,13.76,0,6,6,4.59,31,2.3,47.57,1516.31,7.83,1028.13,46.9,512
900,1200,0,8.8,0,5,5,2.93,21,1.5,59.33,1561.43,10.06,917.29,58.34,516
900,1200,0,6.53,0,7,7,2.18,11,1.07,86,1791.99,10.69,1014.98,85.15,636
900,1200,0,4.78,0,1,1,1.59,10,0.71,68.55,753.35,7.72,519.8,67.74,350
900,1200,0,1.76,17,54,54,0.59,0,0.33,1996.98,18860.58,17.84,396.88,1996.67,0
900,1200,0,4.06,18,5,5,1.35,14,0.63,98.78,1632.04,13.6,418.09,97.96,187
900,1200,0,9.51,0,13,13,4.76,32,2.53,62.05,1761.93,10.04,317.22,60.91,0
900,1200,8,10.88,32,63,63,3.63,45,1.81,203.95,11489.68,17.28,664.72,203.64,1
900,1200,59,11.28,42,657,657,3.76,0,2,828.95,66147.22,23.58,2166.64,828.73,0
900,1200,0,20.19,0,0,0,20.19,31,10.92,64.58,2107.37,5.47,1154.56,63.59,761
900,1200,0,8.05,0,11,11,4.02,26,2.11,72.15,1765.99,10.21,785.03,70.98,356
900,1200,0,6.66,0,1,1,3.33,25,1.67,18.67,485.07,13.28,133.31,18.37,0
900,1200,0,10.88,0,5,5,5.44,23,2.85,60.96,1307.37,6.66,834.43,59.74,615
900,1200,0,12.06,0,0,0,6.03,23,3.24,25.55,587.1,6.57,365.92,24.57,108
900,1200,0,19.1,14,0,0,19.1,14,7.91,5.25,43.73,2.58,30.33,4.24,0
1200,1500,0,4.74,0,0,0,4.74,12,2.5,112.24,1408.59,8.86,400.89,111.13,241
1200,1500,1,7.57,14,0,0,7.57,25,4.34,219.68,5501.96,11.05,496.77,218.66,0
1200,1500,2,16.08,40,121,121,5.36,63,2.82,77.18,5175.01,13.97,2171.74,76.24,809
1200,1500,0,26.34,0,12,12,8.78,65,4.87,42.46,2704.08,8.19,1794.74,41.66,687
1200,1500,0,27.89,0,11,11,9.3,67,5.33,28.6,1858.66,7.97,1249.55,27.77,452
1200,1500,0,20.61,0,2,2,6.87,60,3.66,26.57,1643.12,10.21,954.42,25.87,114
1200,1500,0,27.64,0,7,7,9.21,68,5,55.2,3338.34,7.39,2325.62,54.43,1550
1200,1500,0,38.1,0,24,24,12.7,78,7.03,83.03,5990.09,6.38,4424.11,82.1,2957
1200,1500,0,68.39,0,5,5,22.8,65,12.53,69.71,4894.38,3.5,4191.06,68.65,2790
1200,1500,5,28.26,18,13,13,9.42,67,4.98,26.4,1950.38,8.92,1238.62,25.72,170
1200,1500,13,17.03,21,384,384,5.68,86,3.04,271.97,29425.39,21.2,3702.09,271.32,802
1200,1500,0,22.95,0,12,12,7.65,76,3.95,49.46,4545.23,13.46,2021.37,48.69,267
1200,1500,0,11.92,0,10,10,5.96,20,3.22,50.41,1219.11,6.87,519.76,49.17,288
1200,1500,0,34.46,0,2,2,11.49,69,6.09,35.58,2500.27,6.95,1785.77,34.98,1085
1200,1500,0,41.09,0,11,11,13.7,64,7.36,44,2824.81,5.33,2207.42,43.18,1588
1200,1500,0,29.6,0,11,11,9.87,57,4.91,51.08,3123.76,6.99,2231.2,50.35,1516
1200,1500,0,15.34,0,30,30,5.11,64,2.65,56.54,3386.46,13.11,1583.2,55.67,587
1200,1500,0,22.8,0,4,4,7.6,52,3.93,37.03,2013.2,8.09,1321.9,35.97,344
1200,1500,0,27.1,0,2,2,9.03,44,4.85,47.83,2457.37,6.43,1597.03,47.08,967
1200,1500,0,44.49,0,1,1,14.83,72,7.65,48.87,2287.34,3.61,1838.25,48.47,1168
1200,1500,0,30.36,0,1,1,10.12,69,5.15,24.78,1696.57,7.73,984.87,24.24,581
1200,1500,0,17.3,0,0,0,5.77,57,2.75,18.72,1118.52,11.78,407.85,18.08,7
1200,1500,0,29.24,0,7,7,9.75,83,4.77,80.01,4691.91,6.75,3395.92,79.4,2420
1200,1500,0,10.04,0,8,8,5.02,29,2.35,63,1433.12,7.63,524.98,61.74,209
1200,1500,0,66.02,0,7,7,22.01,107,10.72,61.47,5285.64,4.42,4329.41,60.86,2516
1200,1500,0,35.29,0,8,8,11.76,109,5.78,38.79,4007.01,9.89,2386.42,38.29,1316
1200,1500,0,20.04,0,14,14,6.68,97,3.23,33.07,3246.35,16.47,1058.84,32.68,82
1200,1500,0,21.06,0,16,16,7.02,70,3.41,31.7,3002.63,15.15,1099.61,30.97,169
1200,1500,0,22.48,0,7,7,7.49,67,3.79,32.73,2477.38,11.38,1323.89,32.14,247
1200,1500,0,27.01,0,7,7,9,86,4.59,64.39,4793.02,9.27,2973.93,63.59,1713
1200,1500,0,25.13,0,16,16,8.38,52,4.27,92.69,6892.66,9.92,4090.79,91.82,2518
1200,1500,0,22.73,0,11,11,7.58,42,4.01,84.67,3579.16,6.26,2653.1,83.67,1804
1200,1500,0,2.84,16,92,92,0.95,0,0.5,1991.29,30300.55,17.89,692.48,1991,0
1200,1500,0,4.1,16,6,6,1.37,20,0.66,98.81,1646.49,13.6,435.66,97.63,184
1200,1500,0,8.87,0,11,11,4.43,25,2.05,64.66,1643,9.62,342.89,63.76,0
1200,1500,8,9.37,31,60,60,3.12,41,1.59,203.84,9893.9,17.29,565.42,203.54,0
1200,1500,82,11.62,41,718,718,3.87,0,2.03,829.08,68100.54,23.58,2196,828.86,1
1200,1500,0,12.66,0,0,0,12.66,20,5.88,52.95,1322.13,6.66,596.24,52,291
1200,1500,0,9.05,0,15,15,4.53,29,2.31,80.22,1986.06,9.18,1001.86,79.07,518
1200,1500,0,7.78,0,1,1,3.89,26,1.92,22.41,566.37,11.06,230.24,22.02,89
1200,1500,0,17.34,0,8,8,8.67,29,4.58,70.69,2083.23,5.74,1437.38,69.65,1022
1200,1500,0,23.34,0,0,0,11.67,25,6.49,44.74,1136.53,3.76,895.01,43.61,577
1200,1500,0,21.61,16,0,0,21.61,16,8.15,5.04,49.47,2.49,34.23,4.51,1
1500,1800,0,4.44,0,0,0,4.44,16,2.09,102.99,1317.23,9.66,309.11,101.95,162
1500,1800,1,8.03,8,0,0,8.03,29,3.81,215.7,5832.6,11.25,490.57,214.78,0
1500,1800,3,18.54,37,143,143,6.18,68,2.98,87.85,5967.39,12.27,2920.16,86.94,1297
1500,1800,0,24.79,0,20,20,8.26,69,4.04,37.96,2544.87,9.15,1592.03,37.27,566
1500,1800,0,43.75,0,9,9,14.58,69,7.41,42.28,2915.99,5.38,2270.97,41.56,1353
1500,1800,0,45.64,0,5,5,15.21,63,7.57,49.68,3639.44,5.45,2822.3,48.98,1790
1500,1800,0,25.44,0,3,3,8.48,53,4.65,49.06,3072.12,8.32,2021.09,48.26,1255
1500,1800,0,18.89,0,22,22,6.3,49,3.39,53.44,2969.45,9.91,1761.16,52.66,945
1500,1800,0,31.38,0,13,13,10.46,73,5.76,38.72,2245.63,6.31,1663.73,37.99,912
1500,1800,7,53.16,28,28,28,17.72,82,9.83,35.4,3669.17,6.66,2664.89,34.72,1308
1500,1800,8,14.73,11,313,313,4.91,89,2.67,294.76,25442.13,19.56,5047.82,293.87,2074
1500,1800,0,17.54,0,15,15,5.85,92,3.18,44.91,3473.08,14.83,1354.32,44.1,9
1500,1800,0,15.57,0,15,15,7.79,26,3.98,52.44,1592.19,6.6,718.22,51.29,402
1500,1800,0,36.88,0,4,4,12.29,102,6.6,27.35,2675.63,9.04,1676.44,26.82,860
1500,1800,0,54.94,0,10,10,18.31,102,10,35.3,3776.9,6.65,2737.47,34.65,1806
1500,1800,0,44.85,0,15,15,14.95,101,8.05,44.54,4733.38,8.02,3167.72,43.89,1918
1500,1800,0,31.39,0,20,20,10.46,105,5.56,65.47,6930.42,11.32,3675.45,64.83,2236
1500,1800,0,75.35,0,13,13,25.12,91,13.04,61.47,6652.51,4.87,5268.9,60.49,3264
1500,1800,0,32.83,0,4,4,10.94,61,5.68,35.3,2976.2,8.71,1551.46,34.62,623
1500,1800,0,18.31,0,4,4,6.1,67,3,14.18,941.26,12.44,301.47,13.75,4
1500,1800,0,17.92,0,4,4,5.97,74,2.93,14.18,1001.21,13.5,262.74,13.82,130
1500,1800,0,64.41,0,6,6,21.47,75,11.08,51.66,4163.41,4.27,3203.61,50.84,2076
1500,1800,0,22.38,0,7,7,7.46,65,3.85,48.14,3591.22,11.22,1948.68,47.63,1105
1500,1800,0,12.75,0,7,7,6.37,26,3.79,67.59,1819.42,7.13,741.48,66.34,470
1500,1800,0,12.88,0,2,2,4.29,59,2.16,16.24,1030.85,16.75,328.67,15.83,0
1500,1800,0,12.92,0,3,3,4.31,56,2.25,25.61,1467.31,14.99,575.09,25.25,298
1500,1800,0,19.33,0,12,12,6.44,55,3.37,49.62,3130.25,10.99,1731.52,48.77,763
1500,1800,0,28.73,0,10,10,9.58,79,4.88,71.75,4097.3,6.7,2931.98,70.63,1723
1500,1800,0,33.08,0,4,4,11.03,73,5.61,54.5,3645.47,6.84,2628.75,53.66,1434
1500,1800,0,21.59,0,7,7,7.2,73,3.66,52.49,3831.62,11.37,2054.93,51.77,888
1500,1800,0,24.06,0,21,21,8.02,92,3.84,96.78,6598.45,9.5,4033.89,96.02,2329
1500,1800,0,49.89,0,3,3,16.63,82,8.2,82.32,7854.84,6.44,5780.71,81.58,3972
1500,1800,0,5.03,16,180,180,1.68,0,0.87,2014.45,53705.85,17.69,1885.11,2014.16,0
1500,1800,0,3.95,16,6,6,1.32,16,0.65,95.08,1586.45,14.13,344.66,94.18,133
1500,1800,0,7.77,0,11,11,3.88,23,2.24,61.49,1438.71,10.14,222.82,60.36,0
1500,1800,9,10.72,43,50,50,3.57,46,1.77,205.85,11316.85,17.12,660.26,205.55,0
1500,1800,80,11.93,39,696,696,3.98,0,2.05,832.04,69955.99,23.49,2356.63,831.82,0
1500,1800,0,9.8,0,0,0,9.8,23,5.69,43.15,1023.33,8.2,319.9,42.13,144
1500,1800,0,7.5,0,10,10,3.75,20,2.05,69.13,1644.97,10.66,690.15,68.05,307
1500,1800,0,6.76,0,3,3,3.38,24,1.75,20.7,491.99,11.98,169.91,20.34,44
1500,1800,0,11.71,0,5,5,5.86,25,2.96,58.22,1407.24,6.97,871.73,57.18,578
1500,1800,0,15.8,0,0,0,7.9,29,3.66,26.95,769.51,6.2,496.16,26.05,174
1500,1800,0,11.75,9,0,0,11.75,9,4.37,4.94,26.89,2.52,17.88,4.27,0
1800,2100,0,5.04,0,0,0,5.04,11,2.87,101.07,1496.68,9.85,282.91,100,112
1800,2100,1,7.36,13,0,0,7.36,19,3.85,210.95,5345.24,11.51,307.88,210.09,0
1800,2100,1,15.9,43,118,118,5.3,55,2.92,86.9,5119.53,12.41,2487.46,85.89,1207
1800,2100,0,21.14,0,12,12,7.05,59,3.91,39.28,2169.7,8.85,1384.02,38.57,511
1800,2100,0,42.7,0,11,11,14.23,59,7.02,48.2,2845.82,4.71,2298.66,47.38,1370
1800,2100,0,35.45,0,5,5,11.82,72,5.92,47.16,2826.72,5.74,2164.11,46.28,948
1800,2100,0,27.09,0,5,5,9.03,64,4.33,51.69,3272.24,7.88,2217.63,50.98,1360
1800,2100,0,30.15,0,25,25,10.05,78,4.84,76.41,4740.11,6.92,3395.58,75.58,2250
1800,2100,0,35.54,0,2,2,11.85,54,5.76,36.26,2543.78,6.72,1844.31,35.42,690
1800,2100,5,65.46,44,38,38,21.82,113,10.89,44.62,4518.14,5.27,3541.02,43.95,1453
1800,2100,10,16.92,3,316,316,5.64,71,3.01,281.82,29239.2,20.45,4701.66,281.17,1508
1800,2100,0,15.19,0,7,7,5.06,85,2.73,35.73,3007.61,18.63,710.96,35.35,0
1800,2100,0,12.03,0,9,9,6.02,30,2.94,58.21,1230.17,5.94,624.75,56.9,377
1800,2100,0,17.73,0,2,2,5.91,75,3.06,15.92,1286.12,15.52,468.12,15.6,172
1800,2100,0,40.5,0,7,7,13.5,78,7.28,39.79,2784.48,5.9,2111.93,39.13,1581
1800,2100,0,40.12,0,9,9,13.37,93,7.41,55.19,4233.84,6.48,3103.72,54.43,2086
1800,2100,0,16.07,0,25,25,5.36,86,2.93,42.09,3548.89,17.62,980.62,41.65,38
1800,2100,0,61.91,0,9,9,20.64,112,11.03,59.12,5466.01,5.07,4277.34,58.26,2824
1800,2100,0,80.04,0,8,8,26.68,132,14.87,65.26,7256.31,4.72,5383.88,64.57,2970
1800,2100,0,100.66,0,6,6,33.55,110,18.48,41.57,5175.43,4.26,3965.59,40.76,1977
1800,2100,0,36.15,0,2,2,12.05,107,6.2,18.36,2020.09,10.44,861.4,17.95,360
1800,2100,0,72.02,0,4,4,24.01,115,12.69,42.58,4655.75,5.19,3345.32,42,2503
1800,2100,0,38.27,0,9,9,12.76,89,6.82,63.91,6141.98,8.46,3992.81,63.26,2627
1800,2100,0,8.35,0,3,3,4.18,24,1.97,46.33,1191.97,10.37,189.65,45.45,10
1800,2100,0,26.8,0,5,5,8.93,58,4.82,27.31,2145.25,9.97,1256.45,26.76,600
1800,2100,0,19.37,0,8,8,6.46,55,3.33,35.72,2200.05,10.74,1217.59,35.12,785
1800,2100,0,21.24,0,23,23,7.08,63,3.83,59.27,3440.8,9.2,2130.95,58.5,1420
1800,2100,0,18.5,0,14,14,6.17,50,3.13,46.09,2638.8,10.43,1477.8,45.15,713
1800,2100,0,18.73,0,6,6,6.24,66,3.09,32,2063.75,11.64,1077.8,31.47,269
1800,2100,0,14.69,0,9,9,4.9,55,2.41,39.78,2606.79,14.99,1004.88,39.24,349
1800,2100,0,22.68,0,22,22,7.56,66,3.95,91.52,6219.66,10.05,3676.46,90.69,2318
1800,2100,0,41.33,0,11,11,13.78,71,7.17,90.87,6506.51,5.83,4958.56,90.05,3422
1800,2100,0,7.68,19,286,286,2.56,7,1.31,2020.06,82042.44,17.64,3179.13,2019.66,82
1800,2100,2,4.9,18,6,6,1.63,18,0.8,90.77,1968.67,14.8,382.49,90.02,121
1800,2100,0,9.64,0,10,10,4.82,26,2.31,61.01,1785.3,10.2,298.33,60.12,0
1800,2100,9,9.63,31,47,47,3.21,41,1.62,203.48,10163.19,17.32,538.82,203.19,0
1800,2100,85,11.81,36,745,745,3.94,0,2.03,831.93,69262.66,23.5,2146.32,831.72,1
1800,2100,0,18.13,0,0,0,18.13,34,8.55,71.38,1893,4.94,1112.5,70.49,672
1800,2100,0,11.05,0,17,17,5.53,34,2.68,76.59,2424.94,9.61,1154.06,75.55,550
1800,2100,0,8.19,0,2,2,4.09,27,2.01,18.65,596.11,13.29,163.73,18.34,0
1800,2100,0,13.46,0,5,5,6.73,27,3.73,70.55,1616.94,5.76,1104.09,69.32,804
1800,2100,0,19.04,0,0,0,9.52,19,5.33,35.48,927.06,4.74,675.54,34.38,370
1800,2100,0,22.94,16,0,0,22.94,16,9.77,5.65,52.51,2.44,36.18,4.77,1
2100,2400,0,5.07,0,0,0,5.07,15,2.55,104.83,1506.72,9.49,339.37,103.73,139
2100,2400,0,7.91,13,0,0,7.91,26,4.24,216.12,5746.13,11.23,447.81,215.13,0
2100,2400,3,19.39,40,121,121,6.46,72,3.28,86.58,6241.49,12.45,3026.06,85.65,1359
2100,2400,0,28.15,0,17,17,9.38,72,4.66,41.3,2890.26,8.41,1896.47,40.63,788
2100,2400,0,43.4,0,8,8,14.47,65,7.41,40.39,2892.72,5.63,2227.13,39.63,1245
2100,2400,0,20.12,0,1,1,6.71,50,3.39,25.12,1604.18,10.78,897.79,24.83,454
2100,2400,0,24.36,0,10,10,8.12,56,4.38,50.22,2942.14,8.13,1961.98,49.52,1421
2100,2400,0,24.6,0,20,20,8.2,50,4.69,66.07,3868.1,8.02,2599.15,65.18,1657
2100,2400,0,58.43,0,14,14,19.48,72,10.07,72.31,4181.64,3.37,3605.21,71.74,2512
2100,2400,7,32.11,10,5,5,10.7,62,5.37,27.24,2216.68,8.64,1434.9,26.81,728
2100,2400,15,15.65,4,301,301,5.22,101,2.64,300.99,27045.22,19.15,5794.1,300.16,2822
2100,2400,0,15.32,0,7,7,5.11,85,2.6,34.49,3033.95,19.29,636.95,34.26,0
2100,2400,0,12.01,0,9,9,6,17,3.03,51.47,1227.83,6.72,534.76,50.29,307
2100,2400,0,31.88,0,13,13,10.63,87,5.56,26.05,2313.18,9.49,1414.46,25.56,1033
2100,2400,0,50.27,0,3,3,16.76,85,8.38,37.4,3456.24,6.26,2568.38,36.84,1837
2100,2400,0,38.49,0,13,13,12.83,73,6.9,46.82,4062.01,7.63,2795.27,46.13,1857
2100,2400,0,24.94,0,26,26,8.31,65,4.5,67.25,5505.99,11.03,3021.09,66.48,1583
2100,2400,0,26.19,0,4,4,8.73,65,4.67,35.57,2312.43,8.43,1486.19,34.61,356
2100,2400,0,35.78,0,1,1,11.93,56,6.51,50.63,3244.36,6.08,2166.66,49.77,1332
2100,2400,0,49.37,0,2,2,16.46,78,8.64,39.98,2538.34,4.42,1924.9,39.57,1302
2100,2400,0,30.8,0,1,1,10.27,78,5.41,22.07,1721.01,8.69,904.18,21.57,590
2100,2400,0,24.77,0,2,2,8.26,81,4.33,20.43,1601.22,10.81,668.88,19.78,95
2100,2400,0,42.07,0,7,7,14.02,97,7.86,72.71,6751.89,7.44,4690,72.03,3212
2100,2400,0,11.01,0,4,4,5.51,19,2.83,74.31,1572.15,6.47,724.85,73.08,441
2100,2400,0,99.07,0,11,11,33.02,123,17.92,73.89,7931.53,3.69,6730.53,73.33,4338
2100,2400,0,51.97,0,2,2,17.32,123,9.29,47.37,5901.22,8.11,3931.16,46.82,2391
2100,2400,0,26.88,0,9,9,8.96,113,4.89,35.67,4354.24,15.29,1610.59,35.19,179
2100,2400,0,27.82,0,18,18,9.27,96,5.08,39.88,3967.23,12.06,1934.76,38.89,451
2100,2400,0,43.76,0,6,6,14.59,97,8.01,50.25,4822.92,7.42,3347,49.46,1252
2100,2400,0,30.5,0,14,14,10.17,72,5.43,57.29,5412.22,10.42,3085.47,56.56,1342
2100,2400,0,22.13,0,27,27,7.38,49,3.92,82.4,6069.84,11.16,3257.18,81.61,1774
2100,2400,0,29.63,0,5,5,9.88,46,5.18,95.87,4665.33,5.53,3590.02,94.89,2644
2100,2400,0,9.59,16,427,427,3.2,14,1.64,2016.99,102435.86,17.66,3916.25,2016.48,226
2100,2400,2,7.28,16,17,17,2.43,26,1.37,91.39,2924.17,14.71,567.25,90.62,221
2100,2400,0,6.8,0,10,10,3.4,24,1.69,63.19,1259.28,9.85,216.66,62.1,0
2100,2400,9,9.83,24,58,58,3.28,43,1.74,203.15,10377.61,17.35,520.35,202.83,1
2100,2400,86,11.59,38,721,721,3.86,0,1.96,831.82,67923.49,23.5,1972.18,831.61,3
2100,2400,0,8.82,0,0,0,8.82,20,4.42,43.78,921.12,8.07,304.54,42.85,95
2100,2400,0,8.03,0,11,11,4.02,18,2.03,75.39,1762.09,9.77,828.85,74.36,452
2100,2400,0,5.75,0,0,0,2.88,25,1.38,20.91,419.04,11.85,151.2,20.59,44
2100,2400,0,15.21,0,9,9,7.61,23,3.65,63.06,1827.65,6.43,1196.18,62.12,857
2100,2400,0,16.12,0,0,0,8.06,31,3.74,32.88,784.77,5.08,557.34,32,238
2100,2400,0,20.25,15,0,0,20.25,15,7.66,5.04,46.34,2.49,31.66,4.48,0
2400,2700,0,5.09,0,0,0,5.09,15,2.55,116.74,1511.26,8.52,448.84,115.65,235
2400,2700,1,7.37,12,0,0,7.37,23,3.64,214.65,5357.17,11.31,403.05,213.8,0
2400,2700,3,15.31,38,136,136,5.1,57,2.55,83.49,4929.01,12.91,2265.09,82.56,924
2400,2700,0,19.78,0,22,22,6.59,60,3.15,38.16,2030.14,9.1,1273.44,37.41,422
2400,2700,0,38.57,0,9,9,12.86,52,6.2,43.89,2570.72,5.17,2027.59,43.02,1167
2400,2700,0,40.8,0,9,9,13.6,64,6.79,64.77,3253.49,4.18,2697.95,63.95,1694
2400,2700,0,25.92,0,15,15,8.64,75,4.39,48.59,3130.56,8.39,2060.79,47.88,1208
2400,2700,0,30.81,0,22,22,10.27,76,5.05,66.62,4844.33,7.94,3273.84,65.79,2079
2400,2700,0,26.8,0,6,6,8.93,56,4.41,26.37,1917.93,9.24,1193.35,25.76,352
2400,2700,5,75.04,48,43,43,25.01,111,12.79,51.08,5179.57,4.61,4208.35,50.39,2173
2400,2700,8,14.34,9,301,301,4.78,66,2.52,282.53,24779.34,20.4,4177.76,281.88,1584
2400,2700,0,14.23,0,22,22,4.74,79,2.52,35.67,2819.03,18.66,662.07,35.35,162
2400,2700,0,13.34,0,10,10,6.67,30,3.17,58.69,1363.58,5.89,690.12,57.42,463
2400,2700,0,29.69,0,14,14,9.9,75,5.07,27.44,2154.34,9,1359.07,26.79,912
2400,2700,0,38.96,0,21,21,12.99,81,6.7,35.51,2678.2,6.6,1954.41,34.79,1249
2400,2700,0,34.11,0,14,14,11.37,91,5.66,44.03,3599.49,8.11,2398.91,43.34,1449
2400,2700,0,20.35,0,29,29,6.78,96,3.36,51.88,4493.04,14.28,1859.84,51.36,1034
2400,2700,0,62.31,0,13,13,20.77,93,10.15,58.47,5500.98,5.12,4311.85,57.59,2538
2400,2700,0,43.02,0,6,6,14.34,98,7.08,43.76,3900.56,7.02,2411.95,43.16,1308
2400,2700,0,38.38,0,1,1,12.79,77,6.29,21.05,1973.58,8.38,1074.03,20.43,398
2400,2700,0,19.21,0,2,2,6.4,77,3.19,14.46,1073.29,13.24,300.79,14.08,54
2400,2700,0,60.76,0,9,9,20.25,77,10.29,51,3927.57,4.33,3010.94,50.23,1891
2400,2700,0,28.49,0,4,4,9.5,81,5.07,61.58,4572.78,8.78,2930.13,60.96,1915
2400,2700,0,12.7,0,3,3,6.35,31,3.41,61.13,1813.2,7.87,631.16,60.02,384
2400,2700,0,25.48,0,4,4,8.49,79,4.56,26.59,2039.75,10.24,1185.19,25.85,259
2400,2700,0,21.24,0,6,6,7.08,82,3.68,31.59,2412.35,12.15,1214.01,31.18,595
2400,2700,0,23.65,0,12,12,7.88,94,4.16,47.48,3830.26,11.48,2027.51,46.72,624
2400,2700,0,48.74,0,7,7,16.25,107,8.7,71.03,6951.23,6.77,4956.02,70.02,2905
2400,2700,0,36.61,0,12,12,12.2,90,6.77,38.18,4034.1,9.77,2412.63,37.6,1234
2400,2700,0,29.07,0,18,18,9.69,108,5.58,56.13,5158.48,10.64,2898.46,55.33,1632
2400,2700,0,45.64,0,24,24,15.21,113,8.17,118.56,12517.46,7.76,8525.36,117.83,5434
2400,2700,0,65.42,0,7,7,21.81,95,11.98,95.97,10299.24,5.53,7943.04,95.15,5680
2400,2700,0,11.53,16,538,538,3.84,21,1.98,2021.99,123252.04,17.62,4907.37,2021.38,291
2400,2700,3,8.75,16,21,21,2.92,32,1.62,105.17,3514.21,12.78,1060.03,104.06,449
2400,2700,0,10.36,0,14,14,5.18,27,2.72,62.28,1919.66,10,330.83,61.3,0
2400,2700,13,10.48,25,57,57,3.49,36,1.91,203.9,11065.79,17.28,610.57,203.58,2
2400,2700,80,11.12,36,628,628,3.71,0,1.92,831.06,65213.92,23.52,1901.65,830.84,1
2400,2700,0,15.62,0,0,0,15.62,25,8.92,63.5,1631.07,5.57,869.33,62.45,584
2400,2700,0,6.14,0,6,6,3.07,21,1.63,67.52,1346.88,10.91,536.78,66.21,221
2400,2700,0,5.51,0,0,0,2.75,21,1.36,19.1,401.11,12.98,112.86,18.8,0
2400,2700,0,9.93,0,0,0,4.96,22,2.44,59.66,1192.8,6.8,744.03,58.46,533
2400,2700,0,15.75,0,0,0,7.87,19,3.84,35.09,766.82,4.77,556.19,34.12,330
2400,2700,0,16.29,12,0,0,16.29,12,6.2,5.2,37.3,2.42,25.61,4.57,0
2700,3000,0,5.59,0,0,0,5.59,11,2.89,108.35,1659.19,9.18,377.23,107.28,172
2700,3000,1,7.33,13,0,0,7.33,24,3.66,217.78,5324.81,11.15,406.33,216.87,0
2700,3000,3,17.84,42,128,128,5.95,61,3,80.83,5742.66,13.34,2562.56,79.94,1053
2700,3000,0,21.3,0,15,15,7.1,64,3.55,36.53,2186.6,9.51,1329.48,35.92,462
2700,3000,0,39.47,0,13,13,13.16,78,6.71,40,2630.56,5.68,2013.78,39.27,1020
2700,3000,0,27.78,0,6,6,9.26,62,4.58,31.36,2214.9,8.64,1425.34,30.71,388
2700,3000,0,22.26,0,6,6,7.42,57,3.76,47.24,2688.92,8.63,1731.69,46.62,1045
2700,3000,0,28.07,0,20,20,9.36,64,4.65,74.06,4412.7,7.14,3113.65,73.16,2013
2700,3000,0,50.87,0,9,9,16.96,70,8.29,63.24,3640.97,3.85,3063.03,62.52,1862
2700,3000,5,40.77,28,16,16,13.59,76,6.76,31.74,2814.39,7.41,1962.52,31.05,552
2700,3000,15,19.71,25,317,317,6.57,96,3.41,290.97,34052.52,19.81,6511.77,290.3,2940
2700,3000,0,21.66,0,18,18,7.22,75,3.77,54.68,4289.02,12.17,2163.73,54.01,1214
2700,3000,0,12.93,0,12,12,6.47,25,3.23,52.95,1321.99,6.53,605.97,51.66,326
2700,3000,0,41.13,0,6,6,13.71,75,7.01,44.57,2983.72,5.54,2311.28,43.86,1649
2700,3000,0,32.64,0,7,7,10.88,70,5.6,33.73,2244.02,6.95,1608.3,33.06,1050
2700,3000,0,32.3,0,15,15,10.77,66,5.64,53.4,3408.41,6.69,2479.19,52.59,1703
2700,3000,0,15.17,0,25,25,5.06,72,2.69,55.59,3349.12,13.34,1518.94,54.82,500
2700,3000,0,33.05,0,6,6,11.02,57,5.99,43.29,2917.9,6.93,2059.19,42.3,1230
2700,3000,0,36.5,0,4,4,12.17,75,6.15,49.39,3309.65,6.22,2184.72,48.67,1205
2700,3000,0,72.34,0,5,5,24.11,85,12.71,51.88,3719.49,3.41,3026.51,51.21,1894
2700,3000,0,25.48,0,1,1,8.49,88,4.41,16.22,1424.2,11.82,503.93,15.84,122
2700,3000,0,68.75,0,6,6,22.92,77,11.94,54.18,4444.12,4.07,3466.01,53.41,2676
2700,3000,0,28.5,0,21,21,9.5,71,4.67,59.55,4572.95,9.07,2868.93,58.99,1891
2700,3000,0,10.23,0,8,8,5.12,27,2.6,61.33,1460.52,7.84,517.53,60.11,196
2700,3000,0,21.35,0,12,12,7.12,71,3.52,25.63,1709.41,10.61,966.09,25.19,580
2700,3000,0,23.49,0,15,15,7.83,67,3.78,37.65,2667.57,10.18,1557.17,37.03,1021
2700,3000,0,27.15,0,24,24,9.05,63,4.52,65.5,4397.75,8.32,2904.07,64.75,1873
2700,3000,0,20.37,0,10,10,6.79,74,3.39,42.56,2904.33,11.29,1521.3,41.57,470
2700,3000,0,25.64,0,8,8,8.55,84,4.33,38.8,2825.14,9.6,1715.57,38.02,468
2700,3000,0,20.61,0,11,11,6.87,99,3.61,44.54,3657.87,13.4,1649.67,43.94,609
2700,3000,0,32.81,0,24,24,10.94,117,5.89,94.17,9000.53,9.77,5403.2,93.4,3093
2700,3000,0,60.69,0,15,15,20.23,119,10.73,90.55,9554.73,5.85,7249.22,89.86,4756
2700,3000,1,14.6,16,673,673,4.87,16,2.53,2029.21,155975.64,17.56,6765.93,2028.71,228
2700,3000,6,8.17,17,23,23,2.72,32,1.46,98.06,3279.2,13.71,811.96,97.21,400
2700,3000,0,6.62,0,8,8,3.31,21,1.65,61.96,1226.58,10.05,211.08,60.98,0
2700,3000,13,10.21,21,55,55,3.4,44,1.8,201.35,10775.02,17.5,549.06,201.05,1
2700,3000,78,11,40,644,644,3.67,0,1.92,829.78,64490.06,23.56,1921.71,829.56,2
2700,3000,0,14.31,0,0,0,14.31,26,6.9,57.2,1494.25,6.17,724.39,56.23,358
2700,3000,0,10.17,0,17,17,5.08,33,2.59,81.46,2231.05,9.04,1134.19,80.36,577
2700,3000,0,8.58,0,1,1,4.29,26,2.07,22.48,624.62,11.02,250.14,22.09,88
2700,3000,0,15.89,0,3,3,7.95,32,4.15,69.99,1909.21,5.8,1305.2,68.92,925
2700,3000,0,14.64,0,0,0,7.32,31,3.86,23.63,713.02,7.1,421.88,22.57,82
2700,3000,0,20.55,15,0,0,20.55,15,8.06,5.27,47.04,2.45,31.89,4.51,0
3000,3300,0,4.05,0,0,0,4.05,15,2.01,99.5,1201.89,10,228.45,98.46,89
3000,3300,1,8.32,13,0,0,8.32,31,4.06,222.54,6043.72,10.91,597.01,221.52,0
3000,3300,2,15.86,39,118,118,5.29,52,2.82,88.61,5104.9,12.17,2529.22,87.64,1188
3000,3300,0,21.31,0,15,15,7.1,61,3.49,37.08,2187.75,9.36,1347.6,36.36,558
3000,3300,0,32.03,0,8,8,10.68,62,5.21,34.96,2134.79,6.5,1565.73,34.35,753
3000,3300,0,27.51,0,3,3,9.17,63,4.65,31.15,2193.68,8.7,1411.19,30.66,816
3000,3300,0,29.89,0,9,9,9.96,68,5.1,53.08,3610.27,7.68,2467.92,52.38,1695
3000,3300,0,28.57,0,16,16,9.52,60,4.87,66.3,4491.71,7.98,3013.88,65.5,1906
3000,3300,0,30.44,0,8,8,10.15,76,5,31.24,2178.63,7.8,1480.1,30.72,854
3000,3300,8,44.9,15,20,20,14.97,69,7.96,33.24,3099.11,7.08,2196.32,32.66,1257
3000,3300,12,19.25,28,346,346,6.42,91,3.17,298,33266.13,19.34,6978.27,297.39,3326
3000,3300,0,36.84,0,13,13,12.28,92,6.44,68,7296.83,9.79,4364.9,67.35,2645
3000,3300,0,16.22,0,16,16,8.11,21,4.1,57.71,1657.82,5.99,822.09,56.57,529
3000,3300,0,42.49,0,11,11,14.16,99,7.35,30.6,3082.91,8.08,2061.65,30.07,1197
3000,3300,0,52.17,0,7,7,17.39,97,9.21,33.65,3586.7,6.97,2560.83,33.04,1681
3000,3300,0,45.09,0,15,15,15.03,87,7.69,46.72,4758.69,7.64,3266.36,46.08,2118
3000,3300,0,27.28,0,23,23,9.09,94,4.76,61.56,6024.21,12.04,3059.01,60.94,1784
3000,3300,0,27.81,0,12,12,9.27,80,4.84,26.64,2455.47,11.25,1292.27,25.79,154
3000,3300,0,47.6,0,5,5,15.87,81,8.29,54,4315.56,5.69,2985.21,53.23,1601
3000,3300,0,27.56,0,0,0,9.19,92,4.53,16,1417.24,11.04,570.51,15.59,160
3000,3300,0,27.69,0,0,0,9.23,92,4.69,16.82,1547.4,11.38,594,16.41,342
3000,3300,0,27.62,0,12,12,9.21,72,4.75,19.66,1785.19,11.23,709.44,19.09,234
3000,3300,0,27.22,0,29,29,9.07,85,4.79,55.15,4368.45,9.8,2624.81,54.54,1716
3000,3300,0,13.25,0,5,5,6.62,21,3.2,84.86,1890.57,5.66,990.33,83.72,723
3000,3300,0,60.49,0,15,15,20.16,95,10.77,52.51,4843.05,5.19,3815.42,51.8,2301
3000,3300,0,25.21,0,5,5,8.4,98,4.38,29.45,2862.2,13.03,1332.98,29.06,560
3000,3300,0,17.41,0,14,14,5.8,81,3.07,32,2819.19,17.04,843.83,31.6,456
3000,3300,0,31.74,0,22,22,10.58,93,5.4,49.49,4525.72,9.71,2669.51,48.52,1129
3000,3300,0,44.39,0,8,8,14.8,85,7.73,52.27,4892.54,7.13,3461.03,51.59,1760
3000,3300,0,21.4,0,7,7,7.13,74,3.6,50.02,3797.27,11.93,1941.63,49.29,841
3000,3300,0,19.62,0,24,24,6.54,53,3.19,79.77,5380.75,11.52,2838.15,79.01,1558
3000,3300,0,34.72,0,3,3,11.57,64,5.73,78.71,5467.06,6.73,3958.31,77.95,2671
3000,3300,4,16.97,17,798,798,5.66,28,2.97,2029.12,181305.21,17.56,7933.47,2028.6,398
3000,3300,8,10.62,17,38,38,3.54,32,1.76,94.31,4264.07,14.25,965.51,93.55,298
3000,3300,0,7.96,0,13,13,3.98,20,2.02,61.8,1475.28,10.08,234.35,60.88,0
3000,3300,13,10.23,26,58,58,3.41,40,1.84,204.77,10794.98,17.21,605.42,204.45,0
3000,3300,78,11.06,39,593,593,3.69,0,1.93,830.93,64828.76,23.52,1988.23,830.71,0
3000,3300,0,7.62,0,0,0,7.62,18,3.87,39.95,795.33,8.84,207.28,39.09,76
3000,3300,0,6.92,0,9,9,3.46,18,1.67,71.83,1517.78,10.25,665.57,70.85,336
3000,3300,0,5.69,0,0,0,2.85,25,1.42,17.85,414.66,13.89,101.03,17.56,0
3000,3300,0,13.33,0,4,4,6.66,23,3.4,64.12,1601.2,6.33,1050.5,63.08,747
3000,3300,0,21.17,0,1,1,10.58,27,5.31,41.34,1030.63,4.05,791.27,40.43,491
3000,3300,0,19.97,15,0,0,19.97,15,7.66,5.14,45.71,2.47,30.61,4.33,0
3300,3600,0,4.61,0,0,0,4.61,15,2.33,109.9,1369.67,9.05,332.8,108.89,161
3300,3600,1,7.53,8,0,0,7.53,21,3.7,216.66,5469.29,11.2,434.8,215.81,0
3300,3600,2,16.95,38,125,125,5.65,60,2.9,90.9,5455.33,11.86,2765.22,89.98,1330
3300,3600,0,22,0,18,18,7.33,63,3.65,35.87,2258.96,9.68,1363.84,35.31,519
3300,3600,0,40.19,0,8,8,13.4,61,6.96,42.6,2678.4,5.34,2093.05,41.76,1207
3300,3600,0,37.94,0,5,5,12.65,79,6.34,48.16,3025.21,5.63,2328.14,47.31,1019
3300,3600,0,23.63,0,4,4,7.88,57,3.87,42.5,2853.57,9.59,1736.34,41.88,948
3300,3600,0,20.18,0,27,27,6.73,56,3.46,63.58,3172,8.32,2092.33,62.56,1329
3300,3600,0,24.85,0,5,5,8.28,39,4.31,34.17,1778.58,7.14,1257.63,33.18,378
3300,3600,4,72.72,50,46,46,24.24,119,11.92,51.94,5019.64,4.53,4088.56,51.35,1895
3300,3600,7,17,9,285,285,5.67,111,2.85,286.75,29362.98,20.1,5177.63,286.09,1782
3300,3600,0,41.8,0,26,26,13.93,109,6.84,84.4,8278.9,7.88,5611.97,83.65,3504
3300,3600,0,11.41,0,7,7,5.71,27,2.7,57.55,1166.78,6.01,580.91,56.17,340
3300,3600,0,52.72,0,6,6,17.57,112,8.38,35.08,3825.12,7.03,2723.73,34.57,1629
3300,3600,0,56.45,0,4,4,18.82,114,9.42,36.13,3880.82,6.48,2851.83,35.5,1899
3300,3600,0,50.48,0,11,11,16.83,113,8.06,50.58,5327.58,7.05,3793.41,49.97,2460
3300,3600,0,17.74,0,14,14,5.91,86,2.9,42.23,3917.77,17.55,1101.86,41.8,204
3300,3600,0,56.43,0,10,10,18.81,89,9.42,54.89,4982.19,5.45,3831.37,54,2118
3300,3600,0,45.15,0,8,8,15.05,92,7.95,44.55,4093.59,6.9,2544.62,43.95,1539
3300,3600,0,54.56,0,0,0,18.19,71,9.31,31.66,2805.3,5.58,1947.68,30.82,732
3300,3600,0,20.47,0,2,2,6.82,71,3.37,16.11,1143.89,11.88,398.17,15.76,89
3300,3600,0,52.63,0,2,2,17.54,81,9.05,45.2,3401.88,4.88,2500.43,44.51,1353
3300,3600,0,32.31,0,4,4,10.77,87,5.72,61.7,5184.5,8.76,3316.03,61.09,2145
3300,3600,0,9.08,0,5,5,4.54,26,2.17,49.36,1296.38,9.74,256.29,48.44,69
3300,3600,0,38.33,0,13,13,12.78,90,6.67,34.16,3068.77,7.97,2064.98,33.39,516
3300,3600,0,28.97,0,9,9,9.66,87,5.21,36.35,3289.15,10.57,1863.14,35.85,954
3300,3600,0,23.73,0,23,23,7.91,79,4.24,39.63,3842.66,13.76,1681.01,39.03,443
3300,3600,0,29.71,0,11,11,9.9,79,5.25,53.65,4237.4,8.96,2649.74,52.69,1414
3300,3600,0,16.54,0,12,12,5.51,79,2.77,25.23,1822.42,14.76,730.37,24.79,3
3300,3600,0,27.42,0,12,12,9.14,85,4.7,57.89,4866.6,10.31,2825.3,57.18,1546
3300,3600,0,33.22,0,27,27,11.07,95,5.78,92.59,9112.36,9.93,5424.5,91.87,3093
3300,3600,0,57.35,0,3,3,19.12,91,9.91,95.29,9029.33,5.56,6961.53,94.55,4929
3300,3600,12,18.16,16,865,865,6.05,51,3.18,2036.74,194014.32,17.49,9088,2036.1,776
3300,3600,12,14.47,16,38,38,4.82,36,2.53,97.33,5809.95,13.81,1481.48,96.63,657
3300,3600,0,10.33,0,11,11,5.16,34,2.47,63.91,1913.12,9.74,369.41,62.91,0
3300,3600,15,11.38,18,74,74,3.79,47,1.89,201.83,12016.89,17.46,625.07,201.55,0
3300,3600,76,11.42,37,655,655,3.81,0,1.94,831.08,66959.75,23.52,2014.28,830.87,1
3300,3600,0,23.64,0,0,0,23.64,35,11.53,78.29,2467.62,4.51,1533.6,77.37,1032
3300,3600,0,10,0,15,15,5,30,2.5,74.78,2193.12,9.85,1001.72,73.72,439
3300,3600,0,8.38,0,2,2,4.19,28,2.01,20.53,610.28,12.07,203.2,20.19,45
3300,3600,0,10.85,0,2,2,5.43,21,2.7,61.07,1303.69,6.64,822.16,59.93,594
3300,3600,0,8.86,0,0,0,4.43,20,2.08,21.38,431.47,7.82,234.57,20.53,53
3300,3600,0,11.58,9,0,0,11.58,9,4.45,4.86,26.52,2.65,17.43,4.01,0
3600,3900,0,5.9,0,0,0,5.9,15,3.05,110.06,1751.38,9.04,462,109.14,256
3600,3900,0,7.68,15,0,0,7.68,25,3.69,214.69,5580.12,11.31,421.74,213.82,0
3600,3900,3,19.19,43,131,131,6.4,66,3.26,86.32,6175.64,12.49,2972.35,85.4,1408
3600,3900,0,25.35,0,10,10,8.45,64,4.48,39.47,2601.96,8.81,1658.11,38.75,532
3600,3900,0,49.07,0,14,14,16.36,53,8.59,51.94,3269.94,4.38,2680.41,51.03,1650
3600,3900,0,17.63,0,7,7,5.88,43,2.97,26.77,1405.97,10.12,818.38,26.44,385
3600,3900,0,26.76,0,7,7,8.92,47,4.74,60.28,3232.65,6.77,2324.01,59.6,1712
3600,3900,0,25.21,0,16,16,8.4,54,4.47,72.92,3963.35,7.26,2778.1,72.01,1794
3600,3900,0,57.6,0,8,8,19.2,67,9.73,71.28,4122.57,3.42,3543.94,70.63,2488
3600,3900,7,26.83,11,6,6,8.94,63,4.89,24.04,1851.86,9.8,1107.72,23.57,389
3600,3900,16,16.43,31,324,324,5.48,88,2.86,267.15,28377.8,21.58,3298.61,266.63,879
3600,3900,0,40.55,0,16,16,13.52,91,6.8,79.44,8031.64,8.37,5268.92,78.73,3252
3600,3900,0,17.67,0,14,14,8.83,22,4.28,63.21,1806.22,5.47,982.07,62.06,672
3600,3900,0,43.6,0,2,2,14.53,78,7.3,35.21,3162.84,7.01,2254.16,34.69,1430
3600,3900,0,51.23,0,5,5,17.08,77,8.83,42.6,3521.81,5.5,2725.7,41.9,1972
3600,3900,0,43.53,0,12,12,14.51,82,7.1,53.3,4594.41,6.69,3332.43,52.7,2276
3600,3900,0,30.71,0,12,12,10.24,84,4.99,67.15,6780.86,11.03,3719.68,66.47,1743
3600,3900,0,74.51,0,5,5,24.84,110,12.11,75.2,6577.67,3.98,5463.63,74.42,3680
3600,3900,0,46.51,0,1,1,15.5,84,7.67,39.48,4217.12,7.78,2429,38.9,1315
3600,3900,0,84.3,0,2,2,28.1,98,13.67,49.87,4334.65,3.54,3500.19,49.34,2593
3600,3900,0,48.66,0,5,5,16.22,89,7.55,27.89,2719.56,6.85,1704.67,27.45,1128
3600,3900,0,71.84,0,2,2,23.95,103,12.01,50.79,4643.7,4.34,3556.86,50.18,2571
3600,3900,0,34.47,0,1,1,11.49,65,5.75,55.78,5531.18,9.68,3345.93,55.2,2180
3600,3900,0,11.46,0,5,5,5.73,18,2.82,71.48,1636.37,6.73,723.76,70.36,426
3600,3900,0,16.16,0,9,9,5.39,56,2.67,20.02,1293.47,13.58,574.91,19.77,284
3600,3900,0,23.61,0,13,13,7.87,57,4.01,47.83,2681.13,8.02,1802.13,47.14,1368
3600,3900,0,25.65,0,19,19,8.55,80,4.47,69.95,4155.07,7.79,2827.09,69.19,1690
3600,3900,0,24.16,0,12,12,8.05,68,4.04,43.29,3446,11.1,1833.03,42.45,566
3600,3900,0,36.39,0,15,15,12.13,84,6.5,52.39,4009.99,7.12,2833.58,51.65,1454
3600,3900,0,25.53,0,15,15,8.51,81,4.57,50.81,4531.55,11.75,2338.81,50.08,1111
3600,3900,0,26.16,0,24,24,8.72,59,4.66,91.17,7175.92,10.09,4189.92,90.36,2505
3600,3900,0,37.69,0,6,6,12.56,70,6.69,98.71,5933.69,5.37,4623.3,97.91,3354
3600,3900,21,19.02,19,881,881,6.34,69,3.34,2057.31,203270.61,17.32,11375.93,2056.65,1324
3600,3900,33,20.44,18,44,44,6.81,52,3.44,89.86,8208.81,14.95,1523.82,89.36,595
3600,3900,0,6.28,0,9,9,3.14,21,1.59,62.64,1163.05,9.94,207.62,61.58,0
3600,3900,26,11.99,10,57,57,4,33,2.13,199.71,12655.75,17.65,572.44,199.41,0
3600,3900,81,11.25,36,710,710,3.75,0,1.91,830.62,65932.62,23.53,2050.98,830.4,1
3600,3900,0,9.33,0,0,0,9.33,19,4.49,44.2,974.07,7.98,328.12,43.27,124
3600,3900,0,8.72,0,14,14,4.36,18,2.09,76.27,1912.47,9.65,908.18,75.34,495
3600,3900,0,6.11,0,0,0,3.06,20,1.49,24.38,445.1,10.16,198.76,23.92,88
3600,3900,0,14.69,0,9,9,7.34,26,3.5,66.28,1764.51,6.12,1176.88,65.34,831
3600,3900,0,21.46,0,1,1,10.73,27,5.14,38.95,1044.96,4.29,788.41,37.94,496
3600,3900,0,22.7,17,0,0,22.7,17,9.03,5.12,51.97,2.56,35.69,4.22,0
3900,4200,0,5.28,0,0,0,5.28,12,2.58,116.73,1567.86,8.52,477.13,115.77,303
3900,4200,1,7.28,11,0,0,7.28,26,3.84,213.35,5288.48,11.38,415.83,212.36,0
3900,4200,2,16.79,40,123,123,5.6,70,2.79,83.68,5405.05,12.88,2531.44,82.73,1081
3900,4200,0,29.1,0,15,15,9.7,59,4.76,43.14,2987.12,8.05,2007.58,42.46,863
3900,4200,0,31.87,0,8,8,10.62,72,5,35.34,2124.07,6.42,1567.37,34.49,581
3900,4200,0,46.12,0,4,4,15.37,69,7.4,57.48,3677.79,4.71,2971.42,56.69,1825
3900,4200,0,27.7,0,6,6,9.23,79,4.55,47.84,3345.58,8.52,2186.49,47.13,1213
3900,4200,0,28.82,0,19,19,9.61,59,4.89,58.76,4531.63,9.01,2863.03,57.92,1657
3900,4200,0,20.3,0,13,13,6.77,63,3.33,24.57,1452.55,9.92,860.57,23.88,232
3900,4200,5,79.53,39,38,38,26.51,92,13.39,58.71,5489.67,4.01,4586.57,58.01,2621
3900,4200,7,14.19,8,319,319,4.73,106,2.57,279.61,24521.91,20.62,3687.66,278.81,917
3900,4200,0,33.03,0,16,16,11.01,105,5.7,68.94,6541.39,9.65,3953.15,68.12,1865
3900,4200,0,12.39,0,12,12,6.2,29,3.18,49.1,1266.83,7.05,531.2,47.8,262
3900,4200,0,45.31,0,5,5,15.1,108,7.69,31.16,3287.17,7.93,2218.91,30.6,1151
3900,4200,0,52.39,0,6,6,17.46,108,9.17,33.35,3602.12,7.03,2566.87,32.7,1591
3900,4200,0,45.63,0,19,19,15.21,101,8.11,45.02,4815.22,7.93,3253.65,44.28,1932
3900,4200,0,24.95,0,19,19,8.32,120,4.27,55.55,5508.52,13.34,2494.16,55.01,1309
3900,4200,0,38.74,0,8,8,12.91,114,6.39,29.93,3419.96,10,1962.77,29.04,686
3900,4200,0,70.38,0,3,3,23.46,131,11.77,54.65,6380.42,5.62,4419.81,53.95,1953
3900,4200,0,56.6,0,5,5,18.87,117,9.5,23.36,2909.96,7.56,1707.79,22.75,377
3900,4200,0,31.42,0,1,1,10.47,111,5.06,16.18,1755.73,11.82,622.9,15.76,239
3900,4200,0,33.23,0,1,1,11.08,115,5.54,19.46,2147.94,11.34,837.49,19,477
3900,4200,0,50.76,0,11,11,16.92,142,8.31,68.83,8146.15,7.84,5524.21,68.3,3761
3900,4200,0,13.92,0,3,3,6.96,31,3.46,68.88,1986.35,6.98,852.44,67.79,579
3900,4200,0,100.62,0,11,11,33.54,121,16.41,59.5,8055.47,4.57,6549.62,58.81,4352
3900,4200,0,42.45,0,15,15,14.15,117,6.78,43.85,4820.79,8.74,3097.37,43.29,1846
3900,4200,0,25.35,0,20,20,8.45,113,4.26,38.54,4105.57,14.14,1736.94,37.99,884
3900,4200,0,45.23,0,24,24,15.08,115,7.56,57.18,6450.21,8.4,4170.82,56.2,1701
3900,4200,0,29.4,0,2,2,9.8,82,4.65,32.94,3240.42,11.3,1745.66,32.48,613
3900,4200,0,24.11,0,9,9,8.04,71,3.97,55.18,4279.35,10.81,2383.95,54.39,1301
3900,4200,0,25.82,0,11,11,8.61,86,4.38,118.53,7082.39,7.76,4839.1,117.61,2984
3900,4200,0,43.87,0,6,6,14.62,89,7.47,92.48,6906.5,5.73,5275.27,91.67,3565
3900,4200,19,18.74,16,914,914,6.25,79,3.33,2049.45,200233.09,17.38,10363.38,2048.72,699
3900,4200,37,22.15,16,65,65,7.38,67,3.69,98,8896.6,13.71,2245.23,97.27,681
3900,4200,0,9.73,0,13,13,4.87,29,2.29,62.13,1802.68,10.02,317.57,61.21,0
3900,4200,34,14.84,20,77,77,4.95,37,2.57,204.69,15668.15,17.22,926.49,204.38,1
3900,4200,82,10.75,38,681,681,3.58,0,1.88,828.74,63010.01,23.59,1936.7,828.52,1
3900,4200,0,17.69,0,0,0,17.69,25,8.39,62.76,1846.43,5.62,985.96,61.91,672
3900,4200,0,6.32,0,7,7,3.16,23,1.51,64.88,1387.33,11.35,522.31,63.72,201
3900,4200,0,5.88,0,0,0,2.94,23,1.4,18.62,428.17,13.3,114.69,18.33,0
3900,4200,0,11.77,0,4,4,5.88,23,2.9,61.47,1413.55,6.6,900.5,60.35,621
3900,4200,0,13.06,0,0,0,6.53,23,3.1,27.64,635.88,6.05,415.69,26.65,129
3900,4200,0,18.57,14,0,0,18.57,14,7.04,4.97,42.5,2.54,29.14,4.33,0
4200,4500,0,5.85,0,0,0,5.85,15,2.85,125.24,1736.1,7.94,599.49,124.22,372
4200,4500,1,7.45,11,0,0,7.45,24,3.69,216.18,5410.93,11.23,392.7,215.26,0
4200,4500,3,15.37,38,110,110,5.12,60,2.63,78.12,4946.95,13.8,2108.7,77.16,779
4200,4500,0,23.8,0,13,13,7.93,54,4.15,41.19,2442.88,8.44,1596.95,40.47,698
4200,4500,0,26.68,0,5,5,8.89,54,4.6,32.91,1778.11,6.91,1274.11,32.22,665
4200,4500,0,28.19,0,4,4,9.4,67,4.89,35.95,2247.99,7.54,1553.62,35.13,467
4200,4500,0,29.94,0,8,8,9.98,68,5.34,55.94,3616.21,7.29,2536.85,55.14,1636
4200,4500,0,34.74,0,22,22,11.58,76,5.93,84.69,5462.4,6.25,4065.68,83.81,2710
4200,4500,0,43.97,0,8,8,14.66,58,7.18,47.86,3146.95,5.09,2496.59,46.98,1303
4200,4500,7,46.94,34,23,23,15.65,96,7.51,33.14,3239.79,7.09,2302.92,32.51,622
4200,4500,13,17.99,22,293,293,6,68,2.98,263.33,31075.29,21.89,3247.15,262.82,165
4200,4500,0,26.96,0,18,18,8.99,84,4.65,66.92,5340.32,9.94,3154.93,66.06,1312
4200,4500,0,13.53,0,11,11,6.76,27,3.58,59.88,1383,5.78,713.84,58.6,481
4200,4500,0,37.02,0,3,3,12.34,76,6.16,36.48,2685.71,6.77,1936.13,35.92,1197
4200,4500,0,43.58,0,7,7,14.53,78,8.17,40.9,2996.36,5.74,2285.19,40.07,1614
4200,4500,0,43.69,0,10,10,14.56,87,7.3,63.96,4611.29,5.58,3548.41,63.31,2463
4200,4500,0,19.61,0,19,19,6.54,92,3.45,50.39,4330.39,14.71,1707.07,49.74,352
4200,4500,0,50.27,0,8,8,16.76,79,8.89,46.5,4438.33,6.44,3225.54,45.55,1495
4200,4500,0,50.58,0,5,5,16.86,81,8.73,58.38,4586.17,5.27,3271.88,57.64,2079
4200,4500,0,72.08,0,0,0,24.03,85,12.33,47.3,3705.96,3.73,2952.19,46.68,1806
4200,4500,0,24.85,0,1,1,8.28,91,4.36,15.36,1388.56,12.48,444.64,14.98,84
4200,4500,0,37.28,0,3,3,12.43,68,6.64,29.4,2410.13,7.51,1433.72,28.63,387
4200,4500,0,31.49,0,11,11,10.5,82,5.64,73.76,5053.1,7.33,3537.42,73.05,2423
4200,4500,0,8.05,0,6,6,4.03,25,2.16,52.33,1149.62,9.2,281.03,51.26,76
4200,4500,0,47.17,0,8,8,15.72,112,8.24,42.41,3776.1,6.42,2781.76,41.74,978
4200,4500,0,41.17,0,10,10,13.72,122,7.08,38.1,4675.13,10.07,2742.4,37.63,1530
4200,4500,0,27.93,0,10,10,9.31,107,4.67,37.7,4523.89,14.46,1836.21,37.09,185
4200,4500,0,39.63,0,5,5,13.21,92,6.69,53.39,5650.76,9,3508.97,52.51,1871
4200,4500,0,55.08,0,3,3,18.36,125,9.07,55.86,6070.42,6.67,4410.32,55.18,2026
4200,4500,0,38.81,0,10,10,12.94,138,6.48,52.92,6886.92,11.27,3710.14,52.34,1477
4200,4500,0,41.96,0,25,25,13.99,128,6.81,90.52,11509.14,10.15,6722.69,89.89,3770
4200,4500,0,63.63,0,8,8,21.21,104,10.64,80.13,10018.15,6.61,7297.97,79.42,4886
4200,4500,16,19.39,14,905,905,6.46,51,3.42,2047.24,207168.25,17.4,10551.31,2046.57,943
4200,4500,25,16.56,16,46,46,5.52,47,2.76,104.46,6652.12,12.86,2023.15,103.8,1057
4200,4500,0,7.2,0,8,8,3.6,18,1.91,59.99,1334.52,10.38,201.67,59.07,0
4200,4500,34,13.24,14,71,71,4.41,39,2.16,203.22,13974.93,17.34,747.72,202.93,1
4200,4500,81,10.36,33,614,614,3.45,0,1.82,830.47,60750.4,23.54,1889.74,830.25,0
4200,4500,0,14.68,0,0,0,14.68,27,7.46,79.68,1532.56,4.43,972.5,78.74,651
4200,4500,0,11.14,0,16,16,5.57,37,2.81,83.18,2443.15,8.85,1284.77,82.08,662
4200,4500,0,9.19,0,3,3,4.59,28,2.23,20.26,668.93,12.23,228.84,19.91,44
4200,4500,0,15.92,0,6,6,7.96,31,4.07,68.18,1913.16,5.95,1299.07,67.14,932
4200,4500,0,23.79,0,1,1,11.89,24,5.79,39.61,1158.25,4.22,884.12,38.65,549
4200,4500,0,17.28,13,0,0,17.28,13,6.56,4.99,39.55,2.54,26.54,4.29,0
4500,4800,0,5.5,0,0,0,5.5,9,2.46,114.55,1633.9,8.68,458.19,113.66,286
4500,4800,1,7.82,13,0,0,7.82,24,3.75,216.39,5686.22,11.22,428.53,215.53,1
4500,4800,3,17.04,42,124,124,5.68,63,2.98,81.15,5483.53,13.29,2461.79,80.22,1079
4500,4800,0,25.6,0,8,8,8.53,66,4.28,41.45,2628.47,8.38,1730.08,40.75,724
4500,4800,0,53.33,0,14,14,17.78,66,9.12,53.87,3554.39,4.22,2942.71,53.07,1897
4500,4800,0,31.26,0,6,6,10.42,56,5.29,38.1,2492.88,7.11,1769.98,37.61,1012
4500,4800,0,23.92,0,5,5,7.97,50,4.22,49.94,2888.47,8.17,1924.24,49.26,1298
4500,4800,0,21.35,0,8,8,7.12,48,3.7,61.71,3356.3,8.58,2181.83,60.87,1401
4500,4800,0,47.24,0,7,7,15.75,66,8.19,58.08,3380.83,4.2,2797.57,57.46,1950
4500,4800,5,30.55,15,12,12,10.18,56,5.18,27.39,2108.45,8.59,1361.27,26.92,684
4500,4800,13,17.36,24,376,376,5.79,112,2.96,278.87,29990.85,20.67,4643.74,278.13,1569
4500,4800,0,27.94,0,15,15,9.31,92,4.55,53.74,5533.23,12.38,2738.81,53.06,739
4500,4800,0,12.56,0,13,13,6.28,20,2.99,51.29,1283.86,6.74,558.05,50.16,304
4500,4800,0,46.74,0,3,3,15.58,106,7.52,32.91,3391.11,7.5,2352.03,32.43,1403
4500,4800,0,57.51,0,3,3,19.17,103,9.32,36.44,3953.54,6.42,2915.48,35.89,2006
4500,4800,0,49.49,0,9,9,16.5,96,8.03,47.74,5223.03,7.47,3622.8,47.14,2407
4500,4800,0,30,0,31,31,10,91,4.96,66.14,6624.66,11.2,3583.42,65.5,2023
4500,4800,0,71.19,0,5,5,23.73,84,11.63,69.98,6284.98,4.28,5145.79,69.08,3547
4500,4800,0,31.61,0,1,1,10.54,52,5.29,36.47,2866.04,8.43,1539.15,35.87,665
4500,4800,0,31.24,0,3,3,10.41,69,5.9,26.19,1606.17,6.76,1010.89,25.69,680
4500,4800,0,40.8,0,5,5,13.6,78,6.99,31.35,2279.86,6.11,1516.03,30.81,1120
4500,4800,0,85.29,0,5,5,28.43,101,15.18,62.81,5513.1,3.52,4464.85,62.21,3137
4500,4800,0,38.8,0,10,10,12.93,94,6.86,61.75,6226.48,8.75,3987.15,61.2,2542
4500,4800,0,13.57,0,7,7,6.78,21,3.16,76.71,1936.57,6.26,931.94,75.68,622
4500,4800,0,19.25,0,5,5,6.42,82,3.34,16.54,1540.89,16.46,498.99,16.28,56
4500,4800,0,20.51,0,12,12,6.84,64,3.63,28.81,2329.15,13.33,1052.31,28.34,627
4500,4800,0,27.94,0,17,17,9.31,75,4.97,61.1,4525.84,8.92,2872.18,60.33,1628
4500,4800,0,26.82,0,10,10,8.94,95,4.66,50.06,3824.21,9.6,2267.22,48.99,807
4500,4800,0,24.87,0,6,6,8.29,69,4.44,32.44,2741.17,11.49,1452.19,31.94,567
4500,4800,0,17.08,0,14,14,5.69,78,3.04,43.29,3030.38,13.79,1318.59,42.67,495
4500,4800,0,37.98,0,11,11,12.66,94,6.59,104.57,10416.7,8.79,6665.5,103.86,4306
4500,4800,0,67.95,0,3,3,22.65,112,11.38,98.93,10698.75,5.36,8336.49,98.28,5821
4500,4800,22,20.64,19,925,925,6.88,78,3.61,2062.28,220560.16,17.28,12607.61,2061.64,1496
4500,4800,25,21.33,18,50,50,7.11,57,3.76,87,8564.89,15.45,1368.46,86.44,231
4500,4800,0,8.25,0,12,12,4.13,24,2.06,62.88,1528.5,9.9,267.03,61.91,0
4500,4800,27,11.61,15,73,73,3.87,34,2.03,200.66,12258.99,17.56,659.45,200.36,2
4500,4800,69,10.56,40,688,688,3.52,0,1.82,827.23,61931.22,23.63,1797.74,827.01,1
4500,4800,0,9.04,0,0,0,9.04,22,4.58,39.41,943.89,8.96,229.26,38.51,65
4500,4800,0,7.56,0,11,11,3.78,18,1.96,71.07,1657.74,10.36,716.39,70.09,354
4500,4800,0,5.36,0,0,0,2.68,27,1.36,17.74,390.06,13.98,92.34,17.46,0
4500,4800,0,13.66,0,3,3,6.83,20,3.5,61.36,1641.04,6.61,1051.92,60.37,751
4500,4800,0,15.18,0,0,0,7.59,27,3.96,33.95,739.09,4.94,526.55,33.01,246
4500,4800,0,18.41,14,0,0,18.41,14,6.63,4.85,42.14,2.5,28.49,4.37,0
4800,5100,0,4.75,0,0,0,4.75,16,2.23,112.15,1411.58,8.87,374.17,111.09,221
4800,5100,1,8.17,15,0,0,8.17,25,3.98,219.47,5934.25,11.06,527.18,218.61,1
4800,5100,2,16.72,40,130,130,5.57,62,2.79,90.43,5381.85,11.92,2726.66,89.45,1306
4800,5100,0,23.2,0,22,22,7.73,65,3.91,38.41,2381.43,9.04,1499.09,37.64,484
4800,5100,0,42.55,0,4,4,14.18,65,7.34,43.65,2835.49,5.21,2227.24,42.84,1212
4800,5100,0,42.42,0,5,5,14.14,75,7.18,51.59,3382.74,5.25,2651.45,50.74,1380
4800,5100,0,26.5,0,5,5,8.83,71,4.47,44.13,3200.14,9.24,1985.32,43.47,1122
4800,5100,0,26.35,0,21,21,8.78,70,4.67,63.49,4142.95,8.34,2725.73,62.56,1690
4800,5100,0,27.38,0,9,9,9.13,56,4.8,28.99,1959.26,8.42,1284.54,28.23,296
4800,5100,6,80.55,50,55,55,26.85,123,13.58,50.37,5560.04,4.67,4495.39,49.72,2136
4800,5100,5,15.98,4,289,289,5.33,68,2.7,288.9,27606.9,19.95,4979.71,288.29,1739
4800,5100,0,21.02,0,19,19,7.01,96,3.55,53.78,4163.95,12.37,2056.39,52.92,267
4800,5100,0,12.64,0,9,9,6.32,27,2.92,51.13,1292.29,6.76,561.77,49.95,343
4800,5100,0,40.52,0,8,8,13.51,102,6.99,30.56,2939.93,8.09,1967.37,29.99,1094
4800,5100,0,55.47,0,11,11,18.49,110,9.76,37.35,3813.73,6.28,2834.27,36.7,1919
4800,5100,0,48.68,0,7,7,16.23,115,8.18,47.94,5137.29,7.44,3577.12,47.28,2274
4800,5100,0,19.09,0,13,13,6.36,97,3.17,41.89,4215.64,17.69,1168.95,41.55,407
4800,5100,0,66.59,0,14,14,22.2,126,10.41,58.43,5878.46,5.12,4597.46,57.65,2827
4800,5100,0,94.34,0,8,8,31.45,151,15.76,65.15,8553.21,4.72,6357.24,64.52,3336
4800,5100,0,86.32,0,9,9,28.77,114,13.8,31.59,4438.41,5.58,3089.42,30.88,1060
4800,5100,0,36.55,0,0,0,12.18,111,5.91,17.94,2042.33,10.66,856.33,17.55,351
4800,5100,0,37.46,0,2,2,12.49,114,6.26,21.82,2421.36,10.11,1106.47,21.34,705
4800,5100,0,45.44,0,15,15,15.15,99,7.21,64.65,7292.45,8.35,4803.51,64.08,3201
4800,5100,0,10.04,0,4,4,5.02,28,2.3,58.77,1432.45,8.17,459.7,57.8,301
4800,5100,0,52.28,0,7,7,17.43,58,8.67,48.16,4185.98,5.65,3216.15,47.39,2055
4800,5100,0,27.19,0,8,8,9.06,80,4.59,51.5,3087.71,7.45,2142.26,50.93,1460
4800,5100,0,25.86,0,21,21,8.62,97,4.66,50.74,4188.61,10.75,2332.53,50.21,1500
4800,5100,0,36.41,0,13,13,12.14,67,6.37,56.37,5192.34,8.53,3326.25,55.44,1963
4800,5100,0,24.07,0,2,2,8.02,93,4.17,34.25,2652.75,10.88,1460.98,33.6,331
4800,5100,0,23.16,0,15,15,7.72,70,4.11,44.81,4110.36,13.32,1854.77,44.29,687
4800,5100,0,24.46,0,19,19,8.15,69,4.34,92.43,6709.89,9.95,3957.14,91.61,2354
4800,5100,0,43.3,0,12,12,14.43,72,7.61,98.43,6816.92,5.39,5307.22,97.61,3834
4800,5100,33,20.57,16,937,937,6.86,105,3.58,2080.49,219809.46,17.12,14383.48,2079.64,2488
4800,5100,52,29.7,16,66,66,9.9,56,5.58,108.78,11927,12.36,3886.31,108.11,1641
4800,5100,0,9.62,0,9,9,4.81,32,2.28,60.81,1782.94,10.23,264.45,59.84,0
4800,5100,32,15.07,13,86,86,5.02,41,2.58,203.87,15908.75,17.29,950.85,203.57,0
4800,5100,75,10.39,30,600,600,3.46,0,1.75,824.05,60911.55,23.72,1760.07,823.84,1
4800,5100,0,19.79,0,0,0,19.79,29,9.36,73.1,2066.31,4.83,1231.73,72.17,850
4800,5100,0,7.95,0,10,10,3.98,25,1.9,74.52,1744.68,9.88,791.89,73.4,369
4800,5100,0,6.46,0,0,0,3.23,24,1.5,18.84,470.37,13.14,130.73,18.55,0
4800,5100,0,9.74,0,5,5,4.87,21,2.33,61.82,1170.46,6.56,750.22,60.62,556
4800,5100,0,12.38,0,0,0,6.19,18,2.88,28.94,602.57,5.77,403.66,28.19,214
4800,5100,0,21.83,16,0,0,21.83,16,8.22,5.18,49.96,2.41,33.92,4.6,0
5100,5400,0,5.65,0,0,0,5.65,15,3.16,129.74,1677.87,7.67,614.1,128.66,413
5100,5400,1,6.87,7,0,0,6.87,23,3.47,218.03,4989.19,11.13,401.42,217.12,1
5100,5400,3,18.25,37,130,130,6.08,71,2.96,83.36,5873.01,12.93,2717.08,82.49,1123
5100,5400,0,24.92,0,15,15,8.31,59,3.95,38.17,2558.44,9.09,1603.84,37.52,627
5100,5400,0,34.65,0,8,8,11.55,47,5.57,40.22,2309.46,5.65,1777.55,39.43,1009
5100,5400,0,11.74,0,0,0,3.91,41,1.87,22.61,935.78,11.97,479.46,22.09,73
5100,5400,0,18.84,0,7,7,6.28,59,3.04,51.42,2275.15,7.92,1541.5,50.83,1060
5100,5400,0,31.13,0,12,12,10.38,76,5.08,75.6,4894.08,7,3497.17,74.78,2318
5100,5400,0,67.92,0,11,11,22.64,75,11.15,67.69,4861.24,3.6,4147.82,66.92,2814
5100,5400,7,24.36,16,10,10,8.12,78,4.07,19.77,1681.67,11.9,859.59,19.31,35
5100,5400,18,21.22,53,379,379,7.07,115,3.62,285.54,36660.31,20.19,6233.85,284.85,1909
5100,5400,0,21.99,0,19,19,7.33,89,3.65,40.5,4356.1,16.43,1415.48,39.85,3
5100,5400,0,11.18,0,12,12,5.59,25,2.69,53.16,1142.69,6.5,519.11,51.91,295
5100,5400,0,36.83,0,7,7,12.28,82,6.04,31.98,2672.04,7.72,1824.95,31.48,1022
5100,5400,0,50.47,0,2,2,16.82,71,8.66,45.8,3470.16,5.12,2740.2,45.05,2001
5100,5400,0,35.81,0,9,9,11.94,69,5.97,55.1,3779.24,6.48,2772.93,54.39,1905
5100,5400,0,22.3,0,20,20,7.43,74,3.81,64.17,4924.17,11.55,2590.68,63.34,1114
5100,5400,0,34.8,0,2,2,11.6,68,5.82,44.93,3072.6,6.66,2203.07,43.96,833
5100,5400,0,48.53,0,0,0,16.18,70,8.12,64.93,4399.72,4.73,3262.27,64.07,2146
5100,5400,0,79.6,0,3,3,26.53,101,13.54,54.65,4092.6,3.23,3370.72,54.31,2312
5100,5400,0,43.06,0,2,2,14.35,95,7.41,24.24,2406.52,7.9,1369.24,23.69,856
5100,5400,0,48.38,0,3,3,16.13,90,8.15,34.57,3127.12,6.38,2050.68,33.82,780
5100,5400,0,37.12,0,10,10,12.37,94,6.37,67.93,5956.59,7.95,4017.99,67.31,2750
5100,5400,0,12.83,0,3,3,6.42,25,3.08,66.45,1832.03,7.23,734.84,65.36,396
5100,5400,0,74.72,0,4,4,24.91,131,12.23,59.83,5981.92,4.54,4869.98,59.3,2717
5100,5400,0,48.38,0,1,1,16.13,121,7.81,43.92,5494.08,8.73,3536.95,43.42,2118
5100,5400,0,29.17,0,15,15,9.72,115,4.79,41.02,4724.99,13.28,2167.05,40.5,256
5100,5400,0,35.69,0,15,15,11.9,123,5.78,44.17,5089.11,10.87,2761.2,43.27,993
5100,5400,0,43.89,0,6,6,14.63,91,7.09,42.35,4837.2,8.79,3099.93,41.73,1307
5100,5400,0,28.08,0,5,5,9.36,90,4.53,55.08,4983.52,10.83,2772.24,54.4,1442
5100,5400,0,30.66,0,11,11,10.22,98,5.18,99.11,8409.06,9.28,5206.55,98.32,3181
5100,5400,0,54.42,0,3,3,18.14,83,9.44,94.54,8568.48,5.61,6582.4,93.71,4718
5100,5400,15,19.88,16,951,951,6.63,70,3.44,2057.37,212438.36,17.32,11704.95,2056.71,1447
5100,5400,41,25.14,16,40,40,8.38,73,4.53,98.57,10096.52,13.64,2517.39,97.91,1186
5100,5400,0,7.28,0,9,9,3.64,23,1.8,63.61,1348.38,9.79,248.26,62.59,0
5100,5400,31,14.93,7,77,77,4.98,39,2.76,204.08,15764.4,17.27,968.18,203.76,0
5100,5400,80,10.38,44,597,597,3.46,0,1.76,824.19,60847.42,23.72,1881.7,823.98,0
5100,5400,0,12.39,0,0,0,12.39,25,6.02,49,1293.33,7.2,511.3,48.03,194
5100,5400,0,10.23,0,15,15,5.11,25,2.45,78.72,2244.15,9.35,1092.89,77.73,582
5100,5400,0,6.36,0,1,1,3.18,23,1.41,20.87,463.32,11.85,161.14,20.54,44
5100,5400,0,16.76,0,2,2,8.38,32,3.86,71.24,2013.84,5.69,1382.34,70.26,984
5100,5400,0,17.44,0,0,0,8.72,31,4.02,29.87,849.12,5.59,574.76,28.95,200
5100,5400,0,12.22,9,0,0,12.22,9,5.21,5.35,27.98,2.6,18.74,4.1,0
5400,5700,0,5.29,0,0,0,5.29,14,2.75,105.61,1569.18,9.42,374.54,104.64,220
5400,5700,1,8.48,14,0,0,8.48,30,4.6,214.43,6161.9,11.32,466.68,213.39,1
5400,5700,2,16.16,42,124,124,5.39,62,2.75,84.6,5202.72,12.74,2439.92,83.63,1031
5400,5700,0,24.98,0,16,16,8.33,66,4.2,40.93,2564.36,8.49,1670,40.24,662
5400,5700,0,38.6,0,12,12,12.87,78,6.37,38.05,2572.23,5.97,1942.06,37.37,1015
5400,5700,0,43.75,0,5,5,14.58,65,7.43,43.86,3488.6,6.18,2604.02,43.14,1550
5400,5700,0,29.91,0,10,10,9.97,65,5.09,55.58,3611.95,7.34,2525.13,54.85,1624
5400,5700,0,24.33,0,18,18,8.11,49,4.09,58.86,3825.26,8.99,2413.2,58.16,1404
5400,5700,0,17.93,0,4,4,5.98,64,2.82,23.1,1283.35,10.54,725.69,22.48,167
5400,5700,4,58.71,28,27,27,19.57,70,9.83,44.53,4052.61,5.28,3171.41,43.81,1734
5400,5700,10,18.49,12,308,308,6.16,105,3.1,318.86,31938.29,18.08,8155.85,318.12,4067
5400,5700,0,18.76,0,5,5,6.25,125,3.28,34.89,3716.44,19.08,798.18,34.61,0
5400,5700,0,19.48,0,15,15,9.74,26,5.39,66.36,1991.2,5.22,1118.27,65.06,783
5400,5700,0,39.88,0,5,5,13.29,118,6.61,22.35,2893.42,11.04,1577.74,21.94,1006
5400,5700,0,60.6,0,5,5,20.2,119,10.66,33.76,4166.28,6.95,2972.94,33.15,1955
5400,5700,0,56.16,0,11,11,18.72,117,9.32,47.69,5926.7,7.48,4098.34,47.09,2539
5400,5700,0,32.72,0,26,26,10.91,130,5.57,59.13,7225.89,12.54,3509.05,58.56,1943
5400,5700,0,99.65,0,3,3,33.22,107,16.56,70.21,8797.54,4.26,7206.73,69.27,4773
5400,5700,0,42.4,0,3,3,14.13,80,6.9,41.56,3843.83,7.39,2292.64,41.04,1256
5400,5700,0,30.25,0,3,3,10.08,86,4.91,18.16,1555.36,9.71,730.13,17.72,123
5400,5700,0,18.43,0,2,2,6.14,78,3.02,13.21,1029.72,14.49,213.63,12.85,44
5400,5700,0,62.57,0,11,11,20.86,69,10.88,54.57,4044.6,4.05,3155.66,53.73,2155
5400,5700,0,32.61,0,8,8,10.87,82,5.54,73.52,5232.53,7.35,3648.23,72.88,2547
5400,5700,0,10.4,0,6,6,5.2,24,2.92,59.28,1484.94,8.12,479.58,58.16,280
5400,5700,0,19.71,0,11,11,6.57,93,3.27,18.52,1577.81,14.69,627.11,18.09,2
5400,5700,0,24.16,0,9,9,8.05,92,4.24,29.25,2743.41,13.12,1264.28,28.79,675
5400,5700,0,34.5,0,15,15,11.5,86,5.85,60.17,5587.39,9.06,3507.07,59.44,1887
5400,5700,0,38.97,0,3,3,12.99,89,6.73,66.63,5557.9,7.21,3862.09,65.62,2052
5400,5700,0,26.33,0,2,2,8.78,117,4.44,30.93,2901.28,12.04,1473.5,30.35,251
5400,5700,0,31.92,0,6,6,10.64,138,5.27,48.87,5665.2,12.21,2843.43,48.29,1214
5400,5700,0,48.17,0,15,15,16.06,116,8.09,104.69,13212.82,8.78,8471.32,104.02,5136
5400,5700,0,54,0,4,4,18,112,8.64,82.45,8502.57,6.42,6269.6,81.8,4101
5400,5700,23,20.59,16,977,977,6.86,79,3.57,2063.33,220082.26,17.27,12476.2,2062.68,1263
5400,5700,33,20.49,18,40,40,6.83,48,3.38,96.25,8227.8,13.96,2042.92,95.62,717
5400,5700,0,7.28,0,8,8,3.64,21,1.82,62.09,1348.21,10.03,221.54,61.13,0
5400,5700,42,12.72,18,65,65,4.24,35,2.27,203.17,13428.92,17.35,737.69,202.86,2
5400,5700,72,10.46,38,646,646,3.49,0,1.83,825.4,61332.85,23.68,1828.85,825.18,1
5400,5700,0,8.18,0,0,0,8.18,14,3.93,43.06,853.59,8.19,268.7,42.26,140
5400,5700,0,5.46,0,7,7,2.73,23,1.27,73.71,1198.88,9.99,543.94,72.48,244
5400,5700,0,7.94,0,2,2,3.97,26,1.86,22.37,577.79,11.07,228.46,22,87
5400,5700,0,13.16,0,3,3,6.58,25,3.21,60.75,1580.87,6.67,1004.44,59.78,704
5400,5700,0,20.51,0,1,1,10.26,25,4.79,35.27,998.77,4.74,728.01,34.36,441
5400,5700,0,22.12,16,0,0,22.12,16,8.82,5.34,50.63,2.43,35.21,4.6,1
5700,6000,0,5.59,0,0,0,5.59,15,2.89,115.63,1660.99,8.6,478.95,114.71,298
5700,6000,0,7.58,13,0,0,7.58,23,3.95,215.99,5509.76,11.24,345.82,215.07,1
5700,6000,2,15.4,40,112,112,5.13,59,2.64,81.07,4958.45,13.3,2215.23,80.12,833
5700,6000,0,19.01,0,13,13,6.34,59,3.08,37.32,1951.12,9.3,1206.07,36.57,411
5700,6000,0,46.09,0,8,8,15.36,59,7.12,52.05,3071.71,4.36,2523.21,51.25,1527
5700,6000,0,34.81,0,4,4,11.6,78,5.57,44.05,2776.03,6.14,2077.57,43.28,860
5700,6000,0,29.61,0,4,4,9.87,63,4.76,49.41,3576.6,8.25,2367.09,48.76,1441
5700,6000,0,27.15,0,10,10,9.05,69,4.49,74.81,4268.86,7.07,3027.19,73.9,2009
5700,6000,0,37.41,0,3,3,12.47,50,6.3,42.17,2677.17,5.78,2041.99,41.25,957
5700,6000,6,54.53,39,32,32,18.18,104,9.64,40.58,3763.62,5.8,2869.07,39.83,1081
5700,6000,10,17.65,23,320,320,5.88,86,3.09,283.96,30491.01,20.3,4946.25,283.31,1502
5700,6000,0,15.33,0,17,17,5.11,79,2.47,34.21,3037.17,19.44,603.32,33.99,0
5700,6000,0,12.31,0,11,11,6.16,25,3.3,56.02,1258.85,6.18,614.03,54.63,364
5700,6000,0,30,0,8,8,10,81,4.72,29.48,2176.52,8.37,1427.19,28.95,1079
5700,6000,0,46.78,0,9,9,15.59,93,7.52,40.16,3216.34,5.83,2447.05,39.57,1705
5700,6000,0,48.82,0,12,12,16.27,105,7.9,56.03,5151.86,6.37,3805.58,55.41,2584
5700,6000,0,21.3,0,10,10,7.1,106,3.52,47.15,4703.86,15.72,1653.82,46.62,200
5700,6000,0,83.15,0,16,16,27.72,130,14.37,63.34,7341,4.73,5852.38,62.45,3409
5700,6000,0,97.15,0,11,11,32.38,138,16.63,68.12,8808.19,4.51,6627.19,67.45,3672
5700,6000,0,113.47,0,0,0,37.82,115,19.52,45.08,5834.05,3.92,4578.63,44.32,2599
5700,6000,0,36.13,0,2,2,12.04,125,6.1,16.31,2018.84,11.74,716.07,15.92,217
5700,6000,0,72.88,0,6,6,24.29,128,12.2,36.1,4710.98,6.11,3149.54,35.57,2338
5700,6000,0,47.44,0,14,14,15.81,99,7.99,67.95,7613.47,7.95,5130.5,67.35,3440
5700,6000,0,8.69,0,5,5,4.35,27,2.18,53.53,1240.6,8.98,326.22,52.35,113
5700,6000,0,45.31,0,4,4,15.1,77,7.5,40.34,3627.21,6.74,2625.1,39.74,1651
5700,6000,0,24.26,0,10,10,8.09,82,3.91,34.37,2754.38,11.15,1497.68,33.91,858
5700,6000,0,21.9,0,15,15,7.3,70,3.84,46.46,3547.18,11.73,1841.54,45.84,1199
5700,6000,0,20.2,0,18,18,6.73,75,3.39,42.4,2880.38,11.33,1497.01,41.39,635
5700,6000,0,31.36,0,9,9,10.45,78,5.39,43.81,3455.73,8.51,2245.1,42.98,829
5700,6000,0,19.72,0,17,17,6.57,66,3.3,51.68,3498.89,11.55,1831.4,51.06,883
5700,6000,0,30.51,0,28,28,10.17,97,5.23,100.69,8369.77,9.13,5230.89,99.95,3233
5700,6000,0,58.39,0,11,11,19.46,99,10.15,81.25,9193.23,6.52,6715.63,80.53,4474
5700,6000,24,21.03,19,947,947,7.01,76,3.62,2058.06,224761.68,17.31,12451.14,2057.39,1176
5700,6000,42,28.43,15,56,56,9.48,68,4.98,114.55,11415.7,11.73,4064.8,113.88,2218
5700,6000,0,11.04,0,13,13,5.52,30,2.98,63.36,2044.98,9.83,391.36,62.33,0
5700,6000,31,14.34,12,78,78,4.78,44,2.38,202.1,15134.05,17.44,816.78,201.82,0
5700,6000,66,10.84,27,661,661,3.61,0,1.89,825.87,63565.21,23.67,1797.46,825.65,0
5700,6000,0,23.02,0,0,0,23.02,39,12.51,76.33,2403.36,4.63,1472.97,75.35,925
5700,6000,0,10.81,0,15,15,5.4,31,2.95,75.11,2370.59,9.81,1095.09,74.08,508
5700,6000,0,9.07,0,3,3,4.54,26,2.77,22.19,660.77,11.22,253.62,21.62,88
5700,6000,0,11.95,0,4,4,5.97,23,3.36,64.6,1435.28,6.29,939.26,63.5,656
5700,6000,0,9.63,0,0,0,4.82,23,2.43,20.72,468.96,8.09,249.27,19.71,43
5700,6000,0,20.34,15,0,0,20.34,15,7.9,5.16,46.55,2.48,32.6,4.45,0
6000,6300,0,4.88,0,0,0,4.88,14,2.41,111.32,1447.94,8.94,361.26,110.34,217
6000,6300,1,7.76,12,0,0,7.76,27,3.81,219.34,5640.04,11.07,510.28,218.38,0
6000,6300,3,18.55,39,124,124,6.18,65,3.4,85.38,5970.46,12.63,2841.75,84.39,1225
6000,6300,0,24.31,0,13,13,8.1,72,4.29,38.11,2495.77,9.12,1558.21,37.49,549
6000,6300,0,41.94,0,10,10,13.98,69,7.48,38.86,2794.99,5.86,2119.09,38.1,1224
6000,6300,0,28.54,0,3,3,9.51,43,5.06,34.68,2275.98,7.82,1540.22,34.19,941
6000,6300,0,19.14,0,9,9,6.38,51,3.59,47.75,2311.55,8.55,1494.91,46.99,1048
6000,6300,0,25.35,0,46,46,8.45,56,4.56,69.05,3985.96,7.67,2729.74,68.16,1771
6000,6300,0,50.36,0,9,9,16.79,73,8.08,58.6,3604.55,4.15,2990.23,58.1,2062
6000,6300,7,29.96,7,4,4,9.99,63,5.1,25.95,2068.18,9.07,1296.22,25.53,703
6000,6300,11,21.99,34,416,416,7.33,98,3.73,301.09,37989.61,19.14,8177.01,300.42,4011
6000,6300,0,23.65,0,16,16,7.88,88,4.21,50.82,4684.28,13.1,2153.95,50.33,1163
6000,6300,0,16.57,0,13,13,8.29,26,4.11,64.35,1694.39,5.37,920.37,63.16,580
6000,6300,0,49.28,0,13,13,16.43,87,8.8,38.34,3575.53,6.45,2620.47,37.7,1855
6000,6300,0,42.21,0,11,11,14.07,81,7.37,32.63,2902.17,7.19,2038.45,32.04,1337
6000,6300,0,37.32,0,24,24,12.44,71,6.64,47.81,3938.08,7.47,2724.93,47.13,1818
6000,6300,0,22.96,0,25,25,7.65,63,3.98,65.65,5069.76,11.29,2701.54,64.92,1475
6000,6300,0,30,0,5,5,10,54,5.08,43.27,2648.78,6.92,1864.02,42.27,703
6000,6300,0,39.73,0,1,1,13.24,68,6.25,61.98,3602.05,4.95,2626.11,61.27,1681
6000,6300,0,65.53,0,2,2,21.84,91,10.61,44.04,3369.13,4,2631.08,43.63,1847
6000,6300,0,42.57,0,3,3,14.19,98,6.68,25.85,2379.22,7.39,1419.14,25.4,978
6000,6300,0,49.77,0,6,6,16.59,109,7.81,31.86,3217.22,6.91,2018.14,31.24,609
6000,6300,0,50.43,0,6,6,16.81,119,8.35,71.89,8092.37,7.51,5590.42,71.32,3824
6000,6300,0,14.22,0,7,7,7.11,16,3.66,72.48,2029.75,6.64,899.77,71.4,559
6000,6300,0,92.77,0,6,6,30.92,128,16.01,61.77,7427.2,4.4,6080.06,61.16,3572
6000,6300,0,50.4,0,6,6,16.8,119,8.63,44.33,5723.07,8.66,3682.98,43.8,2199
6000,6300,0,31.23,0,16,16,10.41,120,5.31,39.82,5057.44,13.69,2205.47,39.26,465
6000,6300,0,40.12,0,9,9,13.37,118,6.93,49.61,5721.28,9.69,3360.79,48.63,1196
6000,6300,0,38.08,0,5,5,12.69,103,6.72,38.45,4196.93,9.69,2515.87,37.91,1135
6000,6300,0,31.23,0,12,12,10.41,94,5.17,56.99,5541.8,10.47,3160.34,56.36,1844
6000,6300,0,30.69,0,21,21,10.23,66,5.05,90.71,8416.74,10.13,4918.82,90.01,2817
6000,6300,0,41.58,0,11,11,13.86,64,6.94,96.86,6546.71,5.47,5075.31,96.06,3641
6000,6300,21,21.48,16,1014,1014,7.16,62,3.7,2054.4,229515.29,17.34,12353.62,2053.79,1092
6000,6300,28,18.32,17,49,49,6.11,43,3.27,88.75,7358.39,15.14,1248.62,88.2,326
6000,6300,0,5.86,0,8,8,2.93,20,1.5,64.17,1085.4,9.7,188.02,63.1,0
6000,6300,31,12.44,10,64,64,4.15,40,2.18,201.65,13132.02,17.48,617.33,201.35,0
6000,6300,82,10.49,39,600,600,3.5,0,1.83,826.1,61500.77,23.66,1807.24,825.88,0
6000,6300,0,7.27,0,0,0,7.27,18,3.68,41.26,758.95,8.56,203.87,40.26,69
6000,6300,0,8.41,0,13,13,4.21,20,2.24,72.99,1845.41,10.09,822.72,71.97,419
6000,6300,0,5.33,0,0,0,2.66,25,1.41,18.36,388.03,13.52,103.12,18.05,0
6000,6300,0,15.16,0,0,0,7.58,24,3.91,63.7,1821.74,6.37,1190.26,62.72,860
6000,6300,0,17.4,0,2,2,8.7,28,4.78,34.21,847.11,4.91,607.27,33.24,361
6000,6300,0,16.13,12,0,0,16.13,12,6.14,5.16,36.92,2.45,24.26,4.41,0
6300,6305,0,2.37,0,0,0,2.37,0,1.02,90.6,11.72,10.97,1.11,90.19,0
6300,6305,0,8.17,1,0,0,8.17,0,4.19,223.66,99,10.85,8.97,223.19,0
6300,6305,0,12.2,2,1,1,4.07,3,2.26,61.8,65.45,17.46,17.12,59.44,0
6300,6305,0,43.17,0,2,2,14.39,0,8.4,22.57,73.87,15.43,27.39,22.18,0
6300,6305,0,13.5,0,0,0,4.5,0,2.03,100000,15,0,15,15,
6300,6305,0,97.82,0,0,0,32.61,0,17.06,100000,130,0,130,130,
6300,6305,0,17.39,0,0,0,5.8,0,3.27,100000,35,0,35,35,
6300,6305,0,15.27,0,0,0,5.09,0,3.5,100000,40,0,40,40,
6300,6305,0,8.38,0,0,0,2.79,0,1.26,100000,10,0,10,10,
6300,6305,0,56.5,0,0,0,18.83,0,10.36,100000,65,0,65,65,
6300,6305,2,18.84,0,6,6,6.28,5,3.06,330.45,542.58,17.44,153.25,328.92,26
6300,6305,0,38.61,0,2,2,12.87,0,6.92,115.88,127.44,5.74,97.18,114.93,70
6300,6305,0,14.67,0,0,0,7.34,0,3.3,29.72,25,11.62,1.87,29.33,0
6300,6305,0,53.76,0,0,0,17.92,0,9.17,100000,65,0,65,65,
6300,6305,0,43.64,0,0,0,14.55,0,6.55,100000,50,0,50,50,
6300,6305,0,48.33,0,0,0,16.11,0,9.05,100000,85,0,85,85,
6300,6305,0,24.46,0,0,0,8.15,0,4.53,100000,90,0,90,90,
6300,6305,0,43.45,0,0,0,14.48,4,7.54,51.26,63.93,5.85,45.05,50.62,0
6300,6305,0,61.8,0,0,0,20.6,0,11.37,23.18,93.39,13.29,24.22,22.74,0
6300,6305,0,0,0,0,0,0,,,,,,,,
6300,6305,0,0,0,0,0,0,,,,,,,,
6300,6305,0,0,0,0,0,0,,,,,,,,
6300,6305,0,38.4,0,0,0,12.8,7,5.83,32.07,102.7,16.82,32.7,31.4,0
6300,6305,0,31.53,0,0,0,15.76,0,8.51,100000,75,0,75,75,
6300,6305,0,82.57,0,0,0,27.52,0,12.9,18.89,110.18,14.38,44.09,18.55,0
6300,6305,0,42.27,0,0,0,14.09,0,6.82,100000,80,0,80,80,
6300,6305,0,36.5,0,0,0,12.17,7,5.94,99.66,98.52,5.47,76.3,101.99,0
6300,6305,0,49.34,0,0,0,16.45,3,7.98,29.92,117.26,16.06,39.15,29.03,0
6300,6305,0,41.38,0,0,0,13.79,6,6.74,31.2,76.01,11.94,38.45,30.75,0
6300,6305,0,45.48,0,0,0,15.16,0,8.76,34.65,134.52,17.24,38.06,34.31,0
6300,6305,0,41.56,0,0,0,13.85,0,7.13,5250.19,190,0.18,188.63,5220.81,169
6300,6305,0,68.6,0,0,0,22.87,0,11.5,100000,180,0,180,180,
6300,6305,0,21.33,1,7,7,7.11,0,3.65,2060.95,3799,17.29,216.74,2060.65,45
6300,6305,0,18.53,2,0,0,6.18,0,3.53,84.94,124,15.83,16.75,84.58,5
6300,6305,0,0,0,0,0,0,,,,,,,,
6300,6305,0,9.95,0,0,0,3.32,0,1.72,198.83,175,17.72,5.12,198.53,0
6300,6305,1,10.62,1,10,10,3.54,0,1.83,835.88,1038,23.38,42.61,835.66,2
6300,6305,0,8.62,0,0,0,8.62,0,3.88,46.68,15,7.55,5.4,46.09,5
6300,6305,0,9.57,0,0,0,4.79,0,2.15,1637.41,35,0.45,34.15,1627.39,21
6300,6305,0,0,0,0,0,0,,,,,,,,
6300,6305,0,14.98,0,0,0,7.49,0,4.74,100000,30,0,30,30,
6300,6305,0,0,0,0,0,0,,,,,,,,
6300,6305,0,98.61,2,0,0,98.61,1,37.47,5.43,3.76,2.23,2.71,4.91,0
